comment_id,video_id,video_url,video_title,author,text,published_at,like_count,reply_count,score
UgxO_0Ibvjfy_BJOSZF4AaABAg,jyCUaXjbL1s,https://www.youtube.com/watch?v=jyCUaXjbL1s,Bridgerton Season 1 (2020) Sum-up,@brendajohnson5262,The Duke should be back as a loving and devoted husband and father. Both of them should be the example for the others in the family. To guild and give good advise. Should be a strong couple.,2022-04-20T00:46:15Z,340,6,346
Ugxera-1Sdoz9VBQT2h4AaABAg,jyCUaXjbL1s,https://www.youtube.com/watch?v=jyCUaXjbL1s,Bridgerton Season 1 (2020) Sum-up,@breiluchaco1788,"Yes, the actor that played Duke Simon Hastings was a excellent actor. It is sorely missed that he wouldn’t agree to at least make appearances with his Duchess and child in the second season.",2022-05-04T07:15:10Z,200,5,205
UgxgFblothWEwN-yail4AaABAg,jyCUaXjbL1s,https://www.youtube.com/watch?v=jyCUaXjbL1s,Bridgerton Season 1 (2020) Sum-up,@malovina,"I liked that in this season they showed what happens after marriage. A lot of times movies etc. wrap up on the wedding, as though it ends there.",2023-03-24T05:35:31Z,179,0,179
Ugy5aZyGhfLQQRsSWHV4AaABAg,jyCUaXjbL1s,https://www.youtube.com/watch?v=jyCUaXjbL1s,Bridgerton Season 1 (2020) Sum-up,@natalieraeann,“Put down that book at once you will confuse your thoughts” pls why is this so funny,2023-05-12T02:38:30Z,98,2,100
UgyN2kN3ar_UJAgJVbd4AaABAg,jyCUaXjbL1s,https://www.youtube.com/watch?v=jyCUaXjbL1s,Bridgerton Season 1 (2020) Sum-up,@Dianasville,I wish Rene Jean Page would come back!  He is so wanted!!!!,2023-02-22T06:08:43Z,82,2,84
UgxljIWIWki_SUvmIn14AaABAg,jyCUaXjbL1s,https://www.youtube.com/watch?v=jyCUaXjbL1s,Bridgerton Season 1 (2020) Sum-up,@daileiteevans,Oh my gosh...I am Crazy and Crazy for Bridgerton!! ❤️,2022-04-07T15:57:38Z,64,2,66
Ugy4FbBwfVKwkxeYU4V4AaABAg,jyCUaXjbL1s,https://www.youtube.com/watch?v=jyCUaXjbL1s,Bridgerton Season 1 (2020) Sum-up,@jenniferward5216,I have looked at Season 1 15 times and all I can see is the true sparks between Simon and Daphne.  I  think that his real life is a RUSE.  Their love shows substance two beautiful souls.,2023-02-07T21:09:35Z,56,2,58
UgyJTi_KlcZW6AfG9u94AaABAg,jyCUaXjbL1s,https://www.youtube.com/watch?v=jyCUaXjbL1s,Bridgerton Season 1 (2020) Sum-up,@deborahwilson-vaughn9249,Thanks for letting the show speak for its self,2022-07-04T16:49:35Z,48,0,48
UgzBsvwB_HULS3KA6PR4AaABAg,jyCUaXjbL1s,https://www.youtube.com/watch?v=jyCUaXjbL1s,Bridgerton Season 1 (2020) Sum-up,@pyrenees1234,"Julia Quinn has been screaming the identity of Lady Whistledown the whole time.......every time Colin says ""Pen""!!!!!!!",2022-06-04T22:28:01Z,38,0,38
UgwY7KvmS7gYslACDn94AaABAg,jyCUaXjbL1s,https://www.youtube.com/watch?v=jyCUaXjbL1s,Bridgerton Season 1 (2020) Sum-up,@piyakanityen-ura9297,"I saw chemistry between Anthony and Daphne, surprisingly.  If I had known nothing about the series and just watched, I would have guessed that Anthony secretly loved his own sister.",2022-04-26T05:12:05Z,30,6,36
Ugx9L3acTaWGzGNcmtd4AaABAg,jyCUaXjbL1s,https://www.youtube.com/watch?v=jyCUaXjbL1s,Bridgerton Season 1 (2020) Sum-up,@mishyyusuf8760,"I love the language,the gowns n just everything about Bridgerton🤭🤭🤭🤗🤗❤️❤️most especially the love in the Bridgerton household",2022-10-12T16:11:17Z,31,0,31
UgzkwQ4B9BpQj3jXqAl4AaABAg,jyCUaXjbL1s,https://www.youtube.com/watch?v=jyCUaXjbL1s,Bridgerton Season 1 (2020) Sum-up,@tiffanycarter5432,I wonder how they'll handle Eloise's story because of the sensitive issues surrounding her romance.,2022-10-11T01:33:45Z,24,0,24
UgzgRr8mA1OFpgziyWR4AaABAg,jyCUaXjbL1s,https://www.youtube.com/watch?v=jyCUaXjbL1s,Bridgerton Season 1 (2020) Sum-up,@nursejerny3798,So beautifull princess...,2022-04-07T09:42:07Z,22,0,22
UgxtQocuv2lRaVnA3O94AaABAg,jyCUaXjbL1s,https://www.youtube.com/watch?v=jyCUaXjbL1s,Bridgerton Season 1 (2020) Sum-up,@lucrecepatrick9234,"I always wanted to know why women lie in movies about the first time?
It's not pleasurable. Not. It hurts badly. It can even turn you nun. 🤦🏾‍♀️🤦🏾‍♀️",2022-05-22T14:17:37Z,17,4,21
UgxB8pmHqGdR0dgOV5V4AaABAg,jyCUaXjbL1s,https://www.youtube.com/watch?v=jyCUaXjbL1s,Bridgerton Season 1 (2020) Sum-up,@ashleeearl0712,I love Simon and Daphne together! 😍😍😍,2024-04-27T15:22:46Z,14,3,17
UgzgTDEHkc4Hucv7Did4AaABAg,jyCUaXjbL1s,https://www.youtube.com/watch?v=jyCUaXjbL1s,Bridgerton Season 1 (2020) Sum-up,@bobmello1063,"Excellent  program 👏👍.  For choreography,  directors and actors .",2023-02-18T21:47:29Z,15,0,15
Ugz2Hfm7lQZJOh079qd4AaABAg,jyCUaXjbL1s,https://www.youtube.com/watch?v=jyCUaXjbL1s,Bridgerton Season 1 (2020) Sum-up,@bobmello1063,"The best, actors are terrific.   I wish you'd  let the networks re-play this particular film. If you do  advertise  and I'll  pay to get Netflix 😮❤",2023-04-03T01:56:29Z,15,0,15
UgxV1GXrNpF5CbwgPN54AaABAg,jyCUaXjbL1s,https://www.youtube.com/watch?v=jyCUaXjbL1s,Bridgerton Season 1 (2020) Sum-up,@anetawelsh6026,Lady Danbury is badass❤,2024-05-21T07:16:01Z,12,0,12
UgwnNNRTLsug8D4sRmZ4AaABAg,jyCUaXjbL1s,https://www.youtube.com/watch?v=jyCUaXjbL1s,Bridgerton Season 1 (2020) Sum-up,@kidsstudio1023,Like Cinderella,2022-03-28T10:46:50Z,12,0,12
UgzrPVrUdHUhqVQTFjN4AaABAg,jyCUaXjbL1s,https://www.youtube.com/watch?v=jyCUaXjbL1s,Bridgerton Season 1 (2020) Sum-up,@Breakn28,My god why would people actually like this show? Looks boooring,2022-04-20T01:32:38Z,5,7,12
Ugyd-88G6CaJDLQPzzh4AaABAg,jyCUaXjbL1s,https://www.youtube.com/watch?v=jyCUaXjbL1s,Bridgerton Season 1 (2020) Sum-up,@22fev11,"Haver alguém pelo meio a dar opiniões nunca é bom. 
Gostei muito desta série.",2022-11-30T14:35:13Z,11,0,11
UgxQSsnpn5AKMTjqvfR4AaABAg,jyCUaXjbL1s,https://www.youtube.com/watch?v=jyCUaXjbL1s,Bridgerton Season 1 (2020) Sum-up,@mileycyrus201198,i can't stand anthony,2022-10-10T18:02:41Z,10,0,10
UgzcY0yNm4h2tQgbcbp4AaABAg,jyCUaXjbL1s,https://www.youtube.com/watch?v=jyCUaXjbL1s,Bridgerton Season 1 (2020) Sum-up,@ifydeurch1189,Lovely movie 😍,2022-11-11T13:13:00Z,8,1,9
UgzMf5eG8ObarOpAihR4AaABAg,jyCUaXjbL1s,https://www.youtube.com/watch?v=jyCUaXjbL1s,Bridgerton Season 1 (2020) Sum-up,@primaveraeterna4620,"What happened to the maids baby?
Was she a maid or a Norma person (not princess)? Did she die?",2023-02-25T21:08:53Z,6,2,8
Ugy-WvIbUmETnRvfdop4AaABAg,jyCUaXjbL1s,https://www.youtube.com/watch?v=jyCUaXjbL1s,Bridgerton Season 1 (2020) Sum-up,@AngelaNorvile,I love this show!!!! Simon and Daphne are my favorite!!!! I don’t want to watch it anymore if Simon not coming back!!!!!!!💙💙💙💙💙💙,2025-02-05T18:34:37Z,7,0,7
UgzE0SeIYmv8fyb0sjx4AaABAg,jyCUaXjbL1s,https://www.youtube.com/watch?v=jyCUaXjbL1s,Bridgerton Season 1 (2020) Sum-up,@NorthernLights2375,"I was confused with this story.
It jumped all over the place from character to event to character.
I hardly knew what was going on from all the confusion",2022-12-03T10:02:42Z,5,2,7
UgzlmWAPMFd5ZADI4Tl4AaABAg,jyCUaXjbL1s,https://www.youtube.com/watch?v=jyCUaXjbL1s,Bridgerton Season 1 (2020) Sum-up,@kikacabrera5688,Los actores tan atractivos y las actrices tan feínas y blancuzcas (tirando a gris perla)...¿Quién los elige? Debe ser difícil encontrar jóvenes bellas en R.U....,2022-11-21T17:18:25Z,4,3,7
Ugy98wZURNXxHvtx_614AaABAg,jyCUaXjbL1s,https://www.youtube.com/watch?v=jyCUaXjbL1s,Bridgerton Season 1 (2020) Sum-up,@ritakassim9548,"The way of marching suitors, the ball dance?  The blacks or rather coloured were treated with an iron hand and  only the strong and tough coloured got to Dukedom. ?",2023-03-24T08:33:15Z,6,0,6
UgxWaTDoqBFS8-BiMZ54AaABAg,jyCUaXjbL1s,https://www.youtube.com/watch?v=jyCUaXjbL1s,Bridgerton Season 1 (2020) Sum-up,@gpopo7327,😊😊 4:34 lol are you the man of this house,2023-03-13T23:19:17Z,5,0,5
UgxiielnlJ6_qVuize14AaABAg,jyCUaXjbL1s,https://www.youtube.com/watch?v=jyCUaXjbL1s,Bridgerton Season 1 (2020) Sum-up,@gazeliandiaye1395,Bonsoir est-ce qu'il y'en à en traduction français svppp,2022-07-28T01:08:08Z,5,0,5
UgwdEPcELsQtLDte2M54AaABAg,jyCUaXjbL1s,https://www.youtube.com/watch?v=jyCUaXjbL1s,Bridgerton Season 1 (2020) Sum-up,@LifebyWil,i thinkthe first one with Simon and Daphne is the best of the best.,2025-11-27T00:08:49Z,4,0,4
Ugw2hNQ-so9NK7Z3DSB4AaABAg,jyCUaXjbL1s,https://www.youtube.com/watch?v=jyCUaXjbL1s,Bridgerton Season 1 (2020) Sum-up,@sammie8917,the second i saw Daph i immediately thought of Scully from X-Files she looks like she can be her daughter,2023-06-20T09:55:40Z,4,0,4
Ugw_1ZYGFTYuiIXmBIx4AaABAg,jyCUaXjbL1s,https://www.youtube.com/watch?v=jyCUaXjbL1s,Bridgerton Season 1 (2020) Sum-up,@kumarl3759,This was way better than the lgbtq propaganda s3,2024-12-01T10:43:25Z,4,0,4
Ugy7zzyrW9tgIF8Zy094AaABAg,jyCUaXjbL1s,https://www.youtube.com/watch?v=jyCUaXjbL1s,Bridgerton Season 1 (2020) Sum-up,@antoniawarren8884,"Should play James Bond, not white enough, I guess!",2025-04-15T22:06:28Z,4,0,4
UgyIp0bp3-S2xMOGoxB4AaABAg,jyCUaXjbL1s,https://www.youtube.com/watch?v=jyCUaXjbL1s,Bridgerton Season 1 (2020) Sum-up,@zahra4643,25:33 what's title of the instrumental?,2022-08-12T13:55:16Z,4,0,4
UgzwbpEsddFgOTUA_JJ4AaABAg,jyCUaXjbL1s,https://www.youtube.com/watch?v=jyCUaXjbL1s,Bridgerton Season 1 (2020) Sum-up,@s.yuri7,25:42,2022-07-06T14:40:29Z,4,0,4
UgxyTfNn5qUxGYsiPLV4AaABAg,jyCUaXjbL1s,https://www.youtube.com/watch?v=jyCUaXjbL1s,Bridgerton Season 1 (2020) Sum-up,@deborahrobinson2407,Just recast the character(s)….They a part of the story as we need to see them be a part of it!!!,2023-05-22T15:25:54Z,3,0,3
UgzDw2Quqw3W1BO20xR4AaABAg,jyCUaXjbL1s,https://www.youtube.com/watch?v=jyCUaXjbL1s,Bridgerton Season 1 (2020) Sum-up,@parisa4882,"Hi
How and from where I can watch and free download all podcasts of this series?",2022-12-16T09:44:45Z,3,0,3
Ugw448Jk4kOSwJr6Pzp4AaABAg,jyCUaXjbL1s,https://www.youtube.com/watch?v=jyCUaXjbL1s,Bridgerton Season 1 (2020) Sum-up,@juvinaersando8828,NICE.   !    PLACE.    !,2022-04-29T02:33:03Z,3,0,3
UgwuqcUoPfnW7u32Zix4AaABAg,jyCUaXjbL1s,https://www.youtube.com/watch?v=jyCUaXjbL1s,Bridgerton Season 1 (2020) Sum-up,@laurettyna0927,❤,2023-03-10T21:42:32Z,3,0,3
UgzPjNUi0oAP6z8trGd4AaABAg,jyCUaXjbL1s,https://www.youtube.com/watch?v=jyCUaXjbL1s,Bridgerton Season 1 (2020) Sum-up,@mimam9170,La primera temporada para mí es la mejor la 2 regular y la 3;para nada me gustó,2024-06-25T02:20:30Z,3,0,3
UgwS4qQZipVOYxgUTsJ4AaABAg,jyCUaXjbL1s,https://www.youtube.com/watch?v=jyCUaXjbL1s,Bridgerton Season 1 (2020) Sum-up,@MariaLuisa-vi6bk,EN CASTELLANO POR FAVOR,2022-12-30T13:22:28Z,3,0,3
Ugxcnfnkmrhm3jJtIWZ4AaABAg,jyCUaXjbL1s,https://www.youtube.com/watch?v=jyCUaXjbL1s,Bridgerton Season 1 (2020) Sum-up,@tnpsctop,I suppose Antony's behavior as a brother  is  alike exact Indian.,2023-03-31T07:53:42Z,3,0,3
UgweJuqX81dNBafgCpZ4AaABAg,jyCUaXjbL1s,https://www.youtube.com/watch?v=jyCUaXjbL1s,Bridgerton Season 1 (2020) Sum-up,@jackmehoff6045,mong cô Mây hướng dẫn bài tết đong đầy <3,2022-04-20T06:29:42Z,3,0,3
Ugy6EEA0RdBpczIgqb54AaABAg,jyCUaXjbL1s,https://www.youtube.com/watch?v=jyCUaXjbL1s,Bridgerton Season 1 (2020) Sum-up,@gpopo7327,4:27,2023-03-13T23:19:24Z,3,0,3
UgzuPsWjDbzyjgmKLBl4AaABAg,jyCUaXjbL1s,https://www.youtube.com/watch?v=jyCUaXjbL1s,Bridgerton Season 1 (2020) Sum-up,@Sakkinat,Название фильма на руском кто знает естли с переводом на русском,2023-02-12T08:27:51Z,3,0,3
Ugz02cqORvYyxYcxlO14AaABAg,jyCUaXjbL1s,https://www.youtube.com/watch?v=jyCUaXjbL1s,Bridgerton Season 1 (2020) Sum-up,@that_shy_girl10,Where can we watch this other than netflix?,2022-10-11T03:49:36Z,1,2,3
UgxoybWFXYniSeamTzJ4AaABAg,jyCUaXjbL1s,https://www.youtube.com/watch?v=jyCUaXjbL1s,Bridgerton Season 1 (2020) Sum-up,@sergiosensual5114,Época de ouro...,2023-10-27T09:14:37Z,2,0,2
UgwIZIpEjafd2_607-94AaABAg,jyCUaXjbL1s,https://www.youtube.com/watch?v=jyCUaXjbL1s,Bridgerton Season 1 (2020) Sum-up,@DouniaKiki,"Oh my God, I'm so excited, where can I find episode two?😢",2024-05-20T21:55:10Z,2,0,2
Ugz_F5ADVAK5RVXC8vZ4AaABAg,jyCUaXjbL1s,https://www.youtube.com/watch?v=jyCUaXjbL1s,Bridgerton Season 1 (2020) Sum-up,@Xylemme_Music,Does anyone remember that episode of Versailles with the little person negroe?,2024-03-15T23:16:26Z,2,0,2
UgzMKKEoPLLDsFyj5cZ4AaABAg,jyCUaXjbL1s,https://www.youtube.com/watch?v=jyCUaXjbL1s,Bridgerton Season 1 (2020) Sum-up,@priscilaszlachta8944,"Amor, podemos ver esta série juntos? Não vi nada dela ainda e, pelo o que li na sinopse, é bem interessante. E, aquela série sugerida também, Love. Bem você e eu.  Não sou muito fã de séries mas, podemos ter algo pra começarmos juntos que tenha sequência. Estas duas séries já seriam legais. Sim? Felipe Cordeiro?😊😊😊",2023-04-29T04:08:53Z,2,0,2
Ugz25h0dh1lsJGiJiUl4AaABAg,jyCUaXjbL1s,https://www.youtube.com/watch?v=jyCUaXjbL1s,Bridgerton Season 1 (2020) Sum-up,@ashleeearl0712,"Who is that cute blonde at 17:16? 😍😍😍😍😍 Is that that Nigel guy, like from the book, The Duke and I?",2024-05-01T15:45:51Z,2,0,2
UgyHktK_KGg5R2T-UP54AaABAg,jyCUaXjbL1s,https://www.youtube.com/watch?v=jyCUaXjbL1s,Bridgerton Season 1 (2020) Sum-up,@judithbarquerocorea3992,Porqué no en español porfa😢 3:17,2022-12-30T19:41:03Z,2,0,2
Ugx2rfXXKQYM1Le6g2t4AaABAg,jyCUaXjbL1s,https://www.youtube.com/watch?v=jyCUaXjbL1s,Bridgerton Season 1 (2020) Sum-up,@shonnaalien-px4xf,2024👍👍👍🎧🎧🎧🌌🌌🌌❄️❄️❄️🥶🥶🥶🧊🧊🧊,2024-04-05T07:25:07Z,2,0,2
UgyWkzlb3SdmLheFJVx4AaABAg,jyCUaXjbL1s,https://www.youtube.com/watch?v=jyCUaXjbL1s,Bridgerton Season 1 (2020) Sum-up,@MariaConcettaG,"I read something dubious about season 4: someone (Daphne?) will come back? I'm not sure but ... Has anybody more news about this possibility? I would like to meet again the two (I mean Simon and Daphne) since they have completely disappeared without any reason (even their presence is continuously quoted)...
Is anybody else (out of me) addicted to the first season?",2025-06-27T07:49:30Z,2,0,2
UgzSVd6bnl1fYc8SRvZ4AaABAg,jyCUaXjbL1s,https://www.youtube.com/watch?v=jyCUaXjbL1s,Bridgerton Season 1 (2020) Sum-up,@cananbulutoglu5029,Çok derin sularda yüzüyorsunuz.,2023-09-24T20:17:04Z,2,0,2
UgwMX9MEB0GJmCUI7pB4AaABAg,jyCUaXjbL1s,https://www.youtube.com/watch?v=jyCUaXjbL1s,Bridgerton Season 1 (2020) Sum-up,@cananbulutoglu5029,Komedi filmi çekmişsiniz.❤,2023-09-24T19:53:10Z,2,0,2
UgzAaWnr0YXsTpXPg-p4AaABAg,jyCUaXjbL1s,https://www.youtube.com/watch?v=jyCUaXjbL1s,Bridgerton Season 1 (2020) Sum-up,@paulettebaltimore1178,I agree,2024-06-22T21:07:56Z,1,0,1
UgwXsRuYYGf-xS8DzMl4AaABAg,jyCUaXjbL1s,https://www.youtube.com/watch?v=jyCUaXjbL1s,Bridgerton Season 1 (2020) Sum-up,@LastMatombo,Awee,2024-08-04T07:22:21Z,1,0,1
UgzD9pndWIxJDylPE8l4AaABAg,jyCUaXjbL1s,https://www.youtube.com/watch?v=jyCUaXjbL1s,Bridgerton Season 1 (2020) Sum-up,@ObadiahCorey-u7y,Clark Daniel Moore Jennifer White Maria,2024-09-02T15:34:09Z,1,0,1
UgwAjswe8BfdtObbedN4AaABAg,jyCUaXjbL1s,https://www.youtube.com/watch?v=jyCUaXjbL1s,Bridgerton Season 1 (2020) Sum-up,@StoatoftheSouth,"What's the music playing around 2:55, it sounds really familiar?",2024-01-02T15:59:57Z,1,0,1
Ugyda1ms15Cs-dXbYht4AaABAg,jyCUaXjbL1s,https://www.youtube.com/watch?v=jyCUaXjbL1s,Bridgerton Season 1 (2020) Sum-up,@PoeJanice,White Anthony Lee Betty Martin Michelle,2024-08-24T18:20:52Z,1,0,1
UgwneFUUyQo1o1ZP4hd4AaABAg,jyCUaXjbL1s,https://www.youtube.com/watch?v=jyCUaXjbL1s,Bridgerton Season 1 (2020) Sum-up,@الاءبراهيم-و3ظ,من فضلكم اسم فتاة ذات شعر احمر وغرى قصير,2023-12-30T19:41:02Z,1,0,1
Ugwporpmf_fStaK3QVF4AaABAg,jyCUaXjbL1s,https://www.youtube.com/watch?v=jyCUaXjbL1s,Bridgerton Season 1 (2020) Sum-up,@ivonenardotto1668,"Dublado em português (brasileiro), por favor!!",2024-03-24T15:42:54Z,1,0,1
UgwRsl-MYxw1L9PlyuN4AaABAg,jyCUaXjbL1s,https://www.youtube.com/watch?v=jyCUaXjbL1s,Bridgerton Season 1 (2020) Sum-up,@Ahusenna,Türkçe dublaji yokmu,2024-12-24T10:37:17Z,1,0,1
UgzohF_PCcHAXQaIJMF4AaABAg,jyCUaXjbL1s,https://www.youtube.com/watch?v=jyCUaXjbL1s,Bridgerton Season 1 (2020) Sum-up,@Julia-q3y,Next season of Bridgeton is going too be boring without Daphne and Simon. They make the story awesome. ❤❤❤❤❤❤❤,2025-07-20T08:39:02Z,1,0,1
UgznkwhHKAVt7xhhQZB4AaABAg,jyCUaXjbL1s,https://www.youtube.com/watch?v=jyCUaXjbL1s,Bridgerton Season 1 (2020) Sum-up,@MariaConcettaG,Eloise the best (after Simon and Daphne of course),2025-08-10T10:11:32Z,1,0,1
UgyZj0XG9uAfgMSh_lZ4AaABAg,jyCUaXjbL1s,https://www.youtube.com/watch?v=jyCUaXjbL1s,Bridgerton Season 1 (2020) Sum-up,@NGeo-ci3qj,Wegen Colorblind Casting kann ich mich nicht in diese Zeiten versetzen. Habe nicht einmal eine Folge geschaft.,2025-09-17T10:24:15Z,1,0,1
Ugx6CZr9LGumbgb5AJx4AaABAg,jyCUaXjbL1s,https://www.youtube.com/watch?v=jyCUaXjbL1s,Bridgerton Season 1 (2020) Sum-up,@cathystephenatelier,Put that book down Penelope it shall confuse your thoughts!😂🤣 ICONIC😂,2024-08-23T00:27:35Z,1,0,1
Ugw71wPfg4iAsGIzB6J4AaABAg,jyCUaXjbL1s,https://www.youtube.com/watch?v=jyCUaXjbL1s,Bridgerton Season 1 (2020) Sum-up,@anetawelsh6026,I will not marry Nigel Berbrooke😮,2025-11-27T05:19:02Z,1,0,1
UgzpBa5ImrwIo7Ndw5d4AaABAg,jyCUaXjbL1s,https://www.youtube.com/watch?v=jyCUaXjbL1s,Bridgerton Season 1 (2020) Sum-up,@TheXmeimei,Am I the only one who got lost in the huge cast？I forgot who's who about 10 minutes in.,2024-10-15T16:55:50Z,1,0,1
Ugzs8GHlWvmCnAiqucB4AaABAg,jyCUaXjbL1s,https://www.youtube.com/watch?v=jyCUaXjbL1s,Bridgerton Season 1 (2020) Sum-up,@JennifferHouseKeeperRHernandez,El memo te va dar la niña,2025-11-13T16:07:29Z,0,1,1
UgwVdsNYBG-W3l-ulsR4AaABAg,jyCUaXjbL1s,https://www.youtube.com/watch?v=jyCUaXjbL1s,Bridgerton Season 1 (2020) Sum-up,@NancyWalker-y3s,Lee Gary Jones Deborah Jones George,2024-10-08T19:34:51Z,1,0,1
Ugx9NNnyS7KSdytq_xx4AaABAg,jyCUaXjbL1s,https://www.youtube.com/watch?v=jyCUaXjbL1s,Bridgerton Season 1 (2020) Sum-up,@linamirolmirol5497,😢🤮🤮🤮🤮🤮🤮🤮🤮,2025-07-24T21:52:02Z,1,0,1
Ugz8YxWXlf3UMUnXBFh4AaABAg,jyCUaXjbL1s,https://www.youtube.com/watch?v=jyCUaXjbL1s,Bridgerton Season 1 (2020) Sum-up,@cananbulutoglu5029,Bu yaptığınız izleyici haklarına aykırı.,2023-09-24T20:16:28Z,1,0,1
UgzZj75ph8roBRYqZLh4AaABAg,jyCUaXjbL1s,https://www.youtube.com/watch?v=jyCUaXjbL1s,Bridgerton Season 1 (2020) Sum-up,@seregatyshakov9696,Horrible show!!!,2024-12-13T02:24:47Z,1,0,1
Ugz7VBh8qI-qQHwzg-l4AaABAg,jyCUaXjbL1s,https://www.youtube.com/watch?v=jyCUaXjbL1s,Bridgerton Season 1 (2020) Sum-up,@qwertyuiop-gn6dw,How anyone can watch yet alone enjoy this politically correct historically incorrect utter rubbish totally beats me!,2024-11-17T12:07:18Z,0,1,1
UgzT0fQ7XmDlv_2yKxN4AaABAg,jyCUaXjbL1s,https://www.youtube.com/watch?v=jyCUaXjbL1s,Bridgerton Season 1 (2020) Sum-up,@biacampbell676,Makes no sense and it’s pathetic. Why are you lying 🤥,2022-08-26T03:25:56Z,1,0,1
UgwdaFOb6fXB3rWxKXp4AaABAg,jyCUaXjbL1s,https://www.youtube.com/watch?v=jyCUaXjbL1s,Bridgerton Season 1 (2020) Sum-up,@shonnaalien-px4xf,2024👍👍👍🎧🎧🎧🌌🌌🌌❄️❄️❄️🥶🥶🥶🧊🧊🧊,2024-04-05T07:25:23Z,1,0,1
Ugy2ensMup-u8Z5EkWR4AaABAg,jyCUaXjbL1s,https://www.youtube.com/watch?v=jyCUaXjbL1s,Bridgerton Season 1 (2020) Sum-up,@isbreaalainn3199,15:45 Lady Danbury 😂,2025-07-19T15:03:43Z,0,0,0
Ugw43hVGJBL7V4NRVUd4AaABAg,jyCUaXjbL1s,https://www.youtube.com/watch?v=jyCUaXjbL1s,Bridgerton Season 1 (2020) Sum-up,@이산에사는아경섭,Black noble 😂😂,2025-12-13T08:23:40Z,0,0,0
UgwssbWgeXefJrp5ysB4AaABAg,jyCUaXjbL1s,https://www.youtube.com/watch?v=jyCUaXjbL1s,Bridgerton Season 1 (2020) Sum-up,@RubyHull-i5h,😂😂,2025-11-03T21:34:09Z,0,0,0
UgyNmD1pRZRR7pU4W9J4AaABAg,jyCUaXjbL1s,https://www.youtube.com/watch?v=jyCUaXjbL1s,Bridgerton Season 1 (2020) Sum-up,@holyalmightycreatorgroup2015,"==Business Partners==
7,107 Islands in the Country of Philippines.
1.) Soliman E.C.  Septic Tank Disposal, Constructions, and more Businesses.
2.) Light Maid Employment Agency ( Househelper, Nanny/ Yaya, Driver, Cook). Cubao, Quezon City, Manila.

Thank you for reading !",2025-08-31T16:41:06Z,0,0,0
UgwoKWO4ugUTQKBj8ax4AaABAg,jyCUaXjbL1s,https://www.youtube.com/watch?v=jyCUaXjbL1s,Bridgerton Season 1 (2020) Sum-up,@MURATAnchlieDabyDav,En français.,2024-06-06T00:21:25Z,0,0,0
UgwlwpDXj02gr3STgSh4AaABAg,jyCUaXjbL1s,https://www.youtube.com/watch?v=jyCUaXjbL1s,Bridgerton Season 1 (2020) Sum-up,@holyalmightycreatorgroup2015,"Divorfil ! 1.)Bilennoù torret, gwer poultrennek, nadozioù, lampoù mesket e boued, kimiek poazh mesket e dour a zegas kleñvedoù ar stomog, gwazhiennoù varikoz kreñvañ.",2025-08-31T16:40:27Z,0,0,0
UgwnJJs8kOQp_socvah4AaABAg,jyCUaXjbL1s,https://www.youtube.com/watch?v=jyCUaXjbL1s,Bridgerton Season 1 (2020) Sum-up,@holyalmightycreatorgroup2015,"1.) Emergency ! Stop Disasters?  Stop Spiritual Diseases? 
A.) 5 Million of money to give to all 50,000 most beautiful women in every Country, title holder of Holy Almighty Creators Group.
B.)  1-3 Million of money to give every month to all Politicians/ Government workers.",2025-08-31T16:40:49Z,0,0,0
UgwsqT5V0UOyt_y_WYx4AaABAg,jyCUaXjbL1s,https://www.youtube.com/watch?v=jyCUaXjbL1s,Bridgerton Season 1 (2020) Sum-up,@laurajones4045,Must read books first. The series deviates from the books . Im not watching the series fue to that,2025-06-20T05:14:44Z,0,0,0
UgxEBruJiz2Am6fg_4F4AaABAg,jyCUaXjbL1s,https://www.youtube.com/watch?v=jyCUaXjbL1s,Bridgerton Season 1 (2020) Sum-up,@JennifferHouseKeeperRHernandez,Juan estupido,2025-11-13T16:04:32Z,0,0,0
Ugzu2xny14aaZimsRnl4AaABAg,jyCUaXjbL1s,https://www.youtube.com/watch?v=jyCUaXjbL1s,Bridgerton Season 1 (2020) Sum-up,@cananbulutoglu5029,Yakında hepsi wampir olup batık gemilerden çıkarsanız şaşırmam.,2023-09-24T20:17:45Z,0,0,0
UgwtoUkHyT8gDwkbSFF4AaABAg,jyCUaXjbL1s,https://www.youtube.com/watch?v=jyCUaXjbL1s,Bridgerton Season 1 (2020) Sum-up,@asiyakosik493,Редкостный деградационный  идиотизм в киннматографе,2024-06-20T18:41:52Z,0,0,0
UgxxCII0RVxSOcjZm4N4AaABAg,jyCUaXjbL1s,https://www.youtube.com/watch?v=jyCUaXjbL1s,Bridgerton Season 1 (2020) Sum-up,@fromtexasbygod,Didn’t make it halfway through E1 S1 when it became apparent it was another one of “those” woke dramas with rewritten fake history and a culturally appropriated plot that inserts black characters into the early 19th century British aristocracy.  Absolutely too ridiculous to watch.,2025-11-24T05:44:33Z,0,0,0
UgyET63bIg8wbu8cX_Z4AaABAg,jyCUaXjbL1s,https://www.youtube.com/watch?v=jyCUaXjbL1s,Bridgerton Season 1 (2020) Sum-up,@shinetracastillo6091,Can you summarize all the seasons? 🫣🫣🫣,2024-03-30T13:55:56Z,0,0,0
UgzR-kBfrbWuHICWzdZ4AaABAg,NQhPYER_uwk,https://www.youtube.com/watch?v=NQhPYER_uwk,Бриджертоны | Сериал | По какой такой причине?,@Revolt_nsk,"Сколько боли в её глазах, когда он откинул её руку, ска 😢",2022-11-15T11:06:15Z,726,1,727
UgwI0ab3XTEi7JN-YNp4AaABAg,NQhPYER_uwk,https://www.youtube.com/watch?v=NQhPYER_uwk,Бриджертоны | Сериал | По какой такой причине?,@ВераАвакова-и2у,"Женится не хотел, женился., детей не хотел, родили через год пацана. Какая женщина, прям искусница =) кузнец своего счастья)",2022-09-29T19:33:55Z,617,14,631
UgzY9hoOMyG0sYIBa654AaABAg,NQhPYER_uwk,https://www.youtube.com/watch?v=NQhPYER_uwk,Бриджертоны | Сериал | По какой такой причине?,@margo6486,"так смешно что средневекового аристократа играет темнокожий артист
п.с я не расист, просто это странно.",2023-01-31T17:14:34Z,246,28,274
UgysijBbMk4YaLkkM-V4AaABAg,NQhPYER_uwk,https://www.youtube.com/watch?v=NQhPYER_uwk,Бриджертоны | Сериал | По какой такой причине?,@blancfog,"Он носил в себе глубокую рану, нанесённую его отцом, но Дафна стала той, кто помог ему увидеть, что обиды стоит если не прощать, то хотя бы отпускать.",2024-05-19T22:36:46Z,174,0,174
UgwGDNa3kcDD3HlOJ0d4AaABAg,NQhPYER_uwk,https://www.youtube.com/watch?v=NQhPYER_uwk,Бриджертоны | Сериал | По какой такой причине?,@Фая-ж6г,Чёрный красавчик❤,2022-05-25T14:11:00Z,120,1,121
UgzSwmPiSkpJLwqXSt94AaABAg,NQhPYER_uwk,https://www.youtube.com/watch?v=NQhPYER_uwk,Бриджертоны | Сериал | По какой такой причине?,@Addgvghgfyuhfgg56,Актёр красивый,2023-02-17T16:19:21Z,78,1,79
UgyLmPjN5liNm4cBrRN4AaABAg,NQhPYER_uwk,https://www.youtube.com/watch?v=NQhPYER_uwk,Бриджертоны | Сериал | По какой такой причине?,@JustPHOYS,"⚠️⚠️ *Осторожно спойлер* ⚠️⚠️



Крч, он ненавидел своего засранца-отца настолько, что пообещал ему об окончании его рода. То есть он, как наследник, не будет жениться и заводить детей.
А эту девушку он любил, просто держал слово и не мог оставить её без детей.",2022-11-25T10:30:01Z,75,4,79
Ugwn5b4yOSmDWQs2FaZ4AaABAg,NQhPYER_uwk,https://www.youtube.com/watch?v=NQhPYER_uwk,Бриджертоны | Сериал | По какой такой причине?,@-zu-zu-,Дааа...такой вкусный шоколад...а эту мороженку понимаю,2022-05-27T09:39:14Z,63,1,64
Ugz4RahdydySg-Nc3ol4AaABAg,NQhPYER_uwk,https://www.youtube.com/watch?v=NQhPYER_uwk,Бриджертоны | Сериал | По какой такой причине?,@lillol9398,А по итогу они вместе. Лол.,2022-05-22T18:46:32Z,57,6,63
UgwzGfg7VCfYd-QQYuB4AaABAg,NQhPYER_uwk,https://www.youtube.com/watch?v=NQhPYER_uwk,Бриджертоны | Сериал | По какой такой причине?,@AsaDuSirelis,Самые лучший сезон из Бриджертонов❤😊😊😊Обожаю их.,2024-05-23T12:49:27Z,50,0,50
UgxYXS5eartVeIKegf14AaABAg,NQhPYER_uwk,https://www.youtube.com/watch?v=NQhPYER_uwk,Бриджертоны | Сериал | По какой такой причине?,@МадинаИсаева-о2с,Классно подобрали трек),2022-05-25T06:58:03Z,48,0,48
UgzSwHghYtHDZZ9W9lZ4AaABAg,NQhPYER_uwk,https://www.youtube.com/watch?v=NQhPYER_uwk,Бриджертоны | Сериал | По какой такой причине?,@НурияГубайдуллаева-ь2б,она такая красивая..,2023-01-25T18:39:33Z,48,0,48
UgzrfFTAX0sRCaSU3qN4AaABAg,NQhPYER_uwk,https://www.youtube.com/watch?v=NQhPYER_uwk,Бриджертоны | Сериал | По какой такой причине?,@toporovskayayelena3408,"Всё потому, что он черный",2022-05-24T07:54:40Z,31,10,41
Ugx87FBj6UYIjiBucYB4AaABAg,NQhPYER_uwk,https://www.youtube.com/watch?v=NQhPYER_uwk,Бриджертоны | Сериал | По какой такой причине?,@ВукиУбивает-ь7у,Наныла,2022-05-23T06:00:21Z,35,0,35
UgzuqMwJM_UVZ8Fs2ix4AaABAg,NQhPYER_uwk,https://www.youtube.com/watch?v=NQhPYER_uwk,Бриджертоны | Сериал | По какой такой причине?,@самтЫхре,"Его правильно воспитали, в отличие от этой  несчастной......",2022-06-06T10:04:28Z,24,4,28
Ugx8bfXMCQwoSYK2jpJ4AaABAg,NQhPYER_uwk,https://www.youtube.com/watch?v=NQhPYER_uwk,Бриджертоны | Сериал | По какой такой причине?,@allaalla7185,Опять тупая толерантность-черный аристократ. Ржу!,2022-06-18T17:27:49Z,15,4,19
Ugx4yrUJoDJ6MUBSFuV4AaABAg,NQhPYER_uwk,https://www.youtube.com/watch?v=NQhPYER_uwk,Бриджертоны | Сериал | По какой такой причине?,@Псикотоаналитик,"Ого, уже мулаты да в графья )",2023-04-22T12:45:08Z,16,2,18
UgwFXGuWvwMYRnn3rhx4AaABAg,NQhPYER_uwk,https://www.youtube.com/watch?v=NQhPYER_uwk,Бриджертоны | Сериал | По какой такой причине?,@magamagga8849,Как же бесит вечно какие то мымры с красивыми актёрами,2022-06-03T09:14:20Z,11,3,14
UgxEuoDwxI9PUq-3DeZ4AaABAg,NQhPYER_uwk,https://www.youtube.com/watch?v=NQhPYER_uwk,Бриджертоны | Сериал | По какой такой причине?,@АннаМорозова-я1ф,"Больше всего зашел 1 сезон , пересмотрела дважды!!!❤ Остальные не так зацепили…",2024-07-03T08:06:05Z,12,0,12
UgxMKZPJ8ALY4ojW9GB4AaABAg,NQhPYER_uwk,https://www.youtube.com/watch?v=NQhPYER_uwk,Бриджертоны | Сериал | По какой такой причине?,@БахытБахыт-ж8ф,Здравствуйте фильм как называется??,2022-11-02T09:34:46Z,10,1,11
UgznlkmWvby9JXVZC_B4AaABAg,NQhPYER_uwk,https://www.youtube.com/watch?v=NQhPYER_uwk,Бриджертоны | Сериал | По какой такой причине?,@ВиталийТаванец-к7т,"10 лет в браке. потом тяжёлых 2 года переоценки своей жизни. Теперь живу с девушкой 3 месяца, вижу что она цветёт и пахнет, счастливая как никогда в своей жизни с её слов - а я дурень  не могу выкинуть с головы бывшую жену, реву как баба но только в гараже или там где меня не видят. Как бы и в 32 года не хочу ставить крест на себе - почему и начал новые отношения,  но продолжать отношения  с новой тоже не хочу, и бросить не могу - для её это будет ад, она как ребёночек уязвимый.",2023-04-27T10:21:41Z,1,9,10
UgyVA2ARc_xVTGKOMth4AaABAg,NQhPYER_uwk,https://www.youtube.com/watch?v=NQhPYER_uwk,Бриджертоны | Сериал | По какой такой причине?,@ОльгаЗав-в1к,бесят негры в роли белых аристократов,2022-11-14T19:25:55Z,8,2,10
UgygSwKr1f7sXOESEeB4AaABAg,NQhPYER_uwk,https://www.youtube.com/watch?v=NQhPYER_uwk,Бриджертоны | Сериал | По какой такой причине?,@НурияГубайдуллаева-ь2б,какой крашик,2023-01-25T18:38:35Z,9,0,9
UgytI-u-4-WFLpKR7xp4AaABAg,NQhPYER_uwk,https://www.youtube.com/watch?v=NQhPYER_uwk,Бриджертоны | Сериал | По какой такой причине?,@ЭлВар-ь4ф,"В то время выйти замуж белой женщине за чернокожего было бы самым страшным позором, для неё, всей её семьи и даже потомков.А чернокожих аристократов в принципе не было. Это же издевательство над зрителям, это же просто бред.",2024-05-23T21:50:15Z,4,5,9
UgzdRBqYoBeFX2NYNqJ4AaABAg,NQhPYER_uwk,https://www.youtube.com/watch?v=NQhPYER_uwk,Бриджертоны | Сериал | По какой такой причине?,@MS-tc1gp,Трек подскажите пожалуйста😫🙏🙏💓,2022-05-27T05:45:19Z,6,2,8
UgxyLpmL0VjrsWjk-6R4AaABAg,NQhPYER_uwk,https://www.youtube.com/watch?v=NQhPYER_uwk,Бриджертоны | Сериал | По какой такой причине?,@АягмаЕшиева,"А что в конце ? Я не досмотрела остановилась там , где она узнала что он специально не хочет детей после переезда",2022-05-25T15:15:23Z,5,2,7
Ugx-wFUvvCfkQLEC11h4AaABAg,NQhPYER_uwk,https://www.youtube.com/watch?v=NQhPYER_uwk,Бриджертоны | Сериал | По какой такой причине?,@ОльгаБабкевич-й4о,С удовольствием посмотрела сериал,2024-05-09T21:00:16Z,6,0,6
Ugzdfn9y91JX_N-9FZ54AaABAg,NQhPYER_uwk,https://www.youtube.com/watch?v=NQhPYER_uwk,Бриджертоны | Сериал | По какой такой причине?,@ЕленаБелякова-ц9ф7ь,"В США может и возможно,но в чопорной Англии,очень редкий вариант.",2023-02-18T08:28:15Z,5,1,6
UgwUXRpU3jZ0IQxRU_N4AaABAg,NQhPYER_uwk,https://www.youtube.com/watch?v=NQhPYER_uwk,Бриджертоны | Сериал | По какой такой причине?,@регион19-ж5щ,хороший сериальчик,2023-01-23T10:18:06Z,3,3,6
Ugxg2OENYYMZAZbh45N4AaABAg,NQhPYER_uwk,https://www.youtube.com/watch?v=NQhPYER_uwk,Бриджертоны | Сериал | По какой такой причине?,@valley_ria,Почему он не жениться на ней?,2022-05-30T19:50:01Z,4,2,6
UgwNE8OrGT26YWuD9yl4AaABAg,NQhPYER_uwk,https://www.youtube.com/watch?v=NQhPYER_uwk,Бриджертоны | Сериал | По какой такой причине?,@ЭлеонораШелкова,Господииии....😂😂😂👎👎👎🙄🙄🙄негр !!!!!и типа высокородный  ещё.и перед ним белая унижается...куда мир  катится.,2023-02-02T10:03:35Z,6,0,6
UgzNv2u9Wq8uwpGcI6x4AaABAg,NQhPYER_uwk,https://www.youtube.com/watch?v=NQhPYER_uwk,Бриджертоны | Сериал | По какой такой причине?,@mitchel9360,В итоге он за место отца наказывал себя,2024-06-21T15:34:24Z,5,0,5
Ugy3wv_riLlbAHHSBxR4AaABAg,NQhPYER_uwk,https://www.youtube.com/watch?v=NQhPYER_uwk,Бриджертоны | Сериал | По какой такой причине?,@sashaky-ky5591,Черный не толерантный😅😅,2023-04-23T19:09:25Z,5,0,5
Ugw-WMA_JbIZSlc7fOB4AaABAg,NQhPYER_uwk,https://www.youtube.com/watch?v=NQhPYER_uwk,Бриджертоны | Сериал | По какой такой причине?,@jjjjjjjooooyyyy,"Он что с 21 века попал в прошлое, как то он не вписывается",2023-02-01T10:13:22Z,3,2,5
Ugx1mzUd0ACZ8edM_oF4AaABAg,NQhPYER_uwk,https://www.youtube.com/watch?v=NQhPYER_uwk,Бриджертоны | Сериал | По какой такой причине?,@Edrazie,"Бл вот бы мне проблемы этого мужика , 
В 16 лет не могу найти свою половинку",2022-11-25T13:48:05Z,4,1,5
UgxLy8TZxhjc5DjWONZ4AaABAg,NQhPYER_uwk,https://www.youtube.com/watch?v=NQhPYER_uwk,Бриджертоны | Сериал | По какой такой причине?,@СветланаАвтухова-й8о,Негр играет аристократа... Ну ну,2023-02-20T00:10:22Z,5,0,5
UgwC3vMquGKf0oDRZAd4AaABAg,NQhPYER_uwk,https://www.youtube.com/watch?v=NQhPYER_uwk,Бриджертоны | Сериал | По какой такой причине?,@эриласка,Можно название фильма,2023-02-05T16:19:07Z,3,1,4
UgxCE1WD8gqdssIntox4AaABAg,NQhPYER_uwk,https://www.youtube.com/watch?v=NQhPYER_uwk,Бриджертоны | Сериал | По какой такой причине?,@ЗаирханЗанкарханов-е5ь,Как называется фильм🎥🎬 ??,2022-06-13T09:56:37Z,2,2,4
Ugx7G0LctAb9nwj9A5x4AaABAg,NQhPYER_uwk,https://www.youtube.com/watch?v=NQhPYER_uwk,Бриджертоны | Сериал | По какой такой причине?,@Noname78-u4q,Самый лучший сезон,2024-07-15T21:56:42Z,3,0,3
UgyDEMRSGcgUn3M2gel4AaABAg,NQhPYER_uwk,https://www.youtube.com/watch?v=NQhPYER_uwk,Бриджертоны | Сериал | По какой такой причине?,@elviratyurina,Чёрный прЫнц в то время?,2023-01-27T09:04:20Z,3,0,3
Ugxb00WyGCWh0mm-oF94AaABAg,NQhPYER_uwk,https://www.youtube.com/watch?v=NQhPYER_uwk,Бриджертоны | Сериал | По какой такой причине?,@ГульнараМальканова,Скажите пожалуйста название,2023-01-31T14:50:30Z,3,0,3
UgzRnfrL-2C_0N6pwJp4AaABAg,NQhPYER_uwk,https://www.youtube.com/watch?v=NQhPYER_uwk,Бриджертоны | Сериал | По какой такой причине?,@sheraliazamatov3031,Как называется сериал,2022-05-22T17:39:10Z,2,1,3
UgydcF9h8Tog_sjefWR4AaABAg,NQhPYER_uwk,https://www.youtube.com/watch?v=NQhPYER_uwk,Бриджертоны | Сериал | По какой такой причине?,@Аида-е9щ,Очень хороший сериал,2023-02-03T13:16:45Z,2,0,2
UgxxXpwtIAz-IPVDlV14AaABAg,NQhPYER_uwk,https://www.youtube.com/watch?v=NQhPYER_uwk,Бриджертоны | Сериал | По какой такой причине?,@ТатьянаЕгорова-д1к,Сериал 2 сезона по8 серий. Бриджонты !!!!!!,2023-01-24T18:25:42Z,1,1,2
UgwjjP8uAvWKFsP278R4AaABAg,NQhPYER_uwk,https://www.youtube.com/watch?v=NQhPYER_uwk,Бриджертоны | Сериал | По какой такой причине?,@НиколайНаумчик-ы3ь,Ааа когда негров перестанут брать в главные роли😅😆😆😆😆😅🤣,2023-01-30T15:36:26Z,2,0,2
Ugy2rZcfguT5_Zq7mmx4AaABAg,NQhPYER_uwk,https://www.youtube.com/watch?v=NQhPYER_uwk,Бриджертоны | Сериал | По какой такой причине?,@ЗоЛуШкА-ф8в,Как сериал называется,2023-05-11T00:23:24Z,0,2,2
UgzUtES01pkW1_OOrRR4AaABAg,NQhPYER_uwk,https://www.youtube.com/watch?v=NQhPYER_uwk,Бриджертоны | Сериал | По какой такой причине?,@белка-э9ч,Как называется,2023-01-25T08:12:29Z,1,0,1
UgxyW92HNzqqjSO4wKJ4AaABAg,NQhPYER_uwk,https://www.youtube.com/watch?v=NQhPYER_uwk,Бриджертоны | Сериал | По какой такой причине?,@kartoeva2081,можно название 💕,2023-02-10T18:51:14Z,1,0,1
UgxPG0CunqwDBb8Hsj14AaABAg,NQhPYER_uwk,https://www.youtube.com/watch?v=NQhPYER_uwk,Бриджертоны | Сериал | По какой такой причине?,@МілаБобиляк,"Дивишся і не віриш, що вони... грають ролі, а не живуть життям... RESPECT!!!",2024-09-30T21:26:48Z,1,0,1
Ugwq_F3csoJFyk4LLcB4AaABAg,NQhPYER_uwk,https://www.youtube.com/watch?v=NQhPYER_uwk,Бриджертоны | Сериал | По какой такой причине?,@ПиристанАлискеровна,"у меня один вопрос 
ПОЧЕМУ АВТОР НЕ ПОД ВСЕМИ ВИДЕО ПИШЕТ НАЗВАНИЕ 
пиши Пожалуйста 🙏",2024-05-04T22:53:08Z,1,0,1
UgyK_n06bEYoKr4CJod4AaABAg,NQhPYER_uwk,https://www.youtube.com/watch?v=NQhPYER_uwk,Бриджертоны | Сериал | По какой такой причине?,@Ветка-д5ж,Ваня давай так я знаю свое место в жизни закончим с этим ищи красавицу я обычная и не надо меня унижать и оскорблять или я уйду с Ютуба,2023-01-27T13:23:13Z,1,0,1
UgyK-oXfnv8Ux35N55x4AaABAg,NQhPYER_uwk,https://www.youtube.com/watch?v=NQhPYER_uwk,Бриджертоны | Сериал | По какой такой причине?,@reginapodzyubina6043,"Сериал идиотский, тема с пальца высосана.",2022-11-07T16:31:21Z,1,0,1
UgzwEIN4ehXHaX8rCGh4AaABAg,NQhPYER_uwk,https://www.youtube.com/watch?v=NQhPYER_uwk,Бриджертоны | Сериал | По какой такой причине?,@Nek-tj6ld,Может он может он мужика хочет,2023-01-31T13:39:42Z,1,0,1
UgwYRXoxB07x4V1yxoh4AaABAg,NQhPYER_uwk,https://www.youtube.com/watch?v=NQhPYER_uwk,Бриджертоны | Сериал | По какой такой причине?,@ЛюдмилаКаменская-ц8х,он_все_равно_негроид,2023-04-24T05:35:55Z,1,0,1
UgzdGVEz1WqJ_1vG27V4AaABAg,NQhPYER_uwk,https://www.youtube.com/watch?v=NQhPYER_uwk,Бриджертоны | Сериал | По какой такой причине?,@МарияГерасимова-в8ф,Первые два сезона ❤,2025-04-10T11:46:04Z,0,0,0
UgyWsWxkCkXCZPdbUsV4AaABAg,NQhPYER_uwk,https://www.youtube.com/watch?v=NQhPYER_uwk,Бриджертоны | Сериал | По какой такой причине?,@annasnety5567,Красавчик,2024-05-21T19:53:43Z,0,0,0
UgwQKUS2UTRLZZlY4tp4AaABAg,NQhPYER_uwk,https://www.youtube.com/watch?v=NQhPYER_uwk,Бриджертоны | Сериал | По какой такой причине?,@ЛаураАлександр,❤❤❤,2024-01-04T18:17:43Z,0,0,0
UgwbmfBeJKWrQfCYvzt4AaABAg,NQhPYER_uwk,https://www.youtube.com/watch?v=NQhPYER_uwk,Бриджертоны | Сериал | По какой такой причине?,@ЛаураАлександр,❤❤🎉🎉🎉😢😢😢,2024-01-08T21:33:20Z,0,0,0
UgxQJ7CS8k2QgcyctLt4AaABAg,NQhPYER_uwk,https://www.youtube.com/watch?v=NQhPYER_uwk,Бриджертоны | Сериал | По какой такой причине?,@ЛаураАбакарова-у3х,😂😂😂❤❤,2025-05-27T03:32:42Z,0,0,0
UgymuiP2CVwyMdsD1MR4AaABAg,NQhPYER_uwk,https://www.youtube.com/watch?v=NQhPYER_uwk,Бриджертоны | Сериал | По какой такой причине?,@УмганиМуталимова-й9с,Как называется фильм,2024-05-26T15:43:50Z,0,0,0
UgzqjsHIzHzP7OsGHap4AaABAg,NQhPYER_uwk,https://www.youtube.com/watch?v=NQhPYER_uwk,Бриджертоны | Сериал | По какой такой причине?,@msul2965,Что за озвучка?,2023-05-18T07:37:30Z,0,0,0
UgwIuahXWhUGt6lBoER4AaABAg,NQhPYER_uwk,https://www.youtube.com/watch?v=NQhPYER_uwk,Бриджертоны | Сериал | По какой такой причине?,@ШермуратСултанходжаев,Атрубт главу,2022-05-23T12:21:33Z,0,0,0
Ugx3MaWTM0mINAs3Btd4AaABAg,NQhPYER_uwk,https://www.youtube.com/watch?v=NQhPYER_uwk,Бриджертоны | Сериал | По какой такой причине?,@ЛюдмилаКаменская-ц8х,сериал::принц_Гари_и_Меган_Маркл,2023-04-24T05:31:44Z,0,0,0
UgzlGABxBh-rfxXWEZx4AaABAg,NQhPYER_uwk,https://www.youtube.com/watch?v=NQhPYER_uwk,Бриджертоны | Сериал | По какой такой причине?,@ЕкатеринаИгоревна-ш5б,Пересматриваю сейчас. Ну почему нашли такую гмышь для роли Дафны😢,2024-05-22T06:45:37Z,0,0,0
Ugy9O4ISCoULWlc2-SZ4AaABAg,Le3XRTKtlos,https://www.youtube.com/watch?v=Le3XRTKtlos,Красивый момент🥰😍Сериал: Бриджертоны 2,@faraabylhasan5295,Ох уж эти британские аристократки индийского происхождения)))))))),2022-09-22T20:19:04Z,854,40,894
Ugx8dzoKabX4wcq9wXJ4AaABAg,Le3XRTKtlos,https://www.youtube.com/watch?v=Le3XRTKtlos,Красивый момент🥰😍Сериал: Бриджертоны 2,@ЗульфияБекбатырова,Как же играет он  просто божественно.  Я влюбилась в этого актера😍😊,2022-06-23T03:51:52Z,732,8,740
UgyhSmimvRpUERfM-xp4AaABAg,Le3XRTKtlos,https://www.youtube.com/watch?v=Le3XRTKtlos,Красивый момент🥰😍Сериал: Бриджертоны 2,@Dia_Eva_,"Я все жду, когда снимут сериал о жизни какого-нибудь африканского королевства, и половину персонажей-африканцев будут играют белые актеры. И мы будем смотреть на это и притворяться, что все ок и так и должно быть.",2022-06-22T20:56:50Z,326,42,368
UgwJPeQYemn5ZllFh7l4AaABAg,Le3XRTKtlos,https://www.youtube.com/watch?v=Le3XRTKtlos,Красивый момент🥰😍Сериал: Бриджертоны 2,@cennetaliya5140,"Кайфует от одной , хочет жениться на другой😮‍💨всегда так",2022-05-15T03:04:46Z,148,1,149
UgxgzZwcfkJagWU9XeB4AaABAg,Le3XRTKtlos,https://www.youtube.com/watch?v=Le3XRTKtlos,Красивый момент🥰😍Сериал: Бриджертоны 2,@Ann20137,"Я думала ,что первый сезон лучший,но этот второй сезон просто вау❤❤❤",2024-01-17T20:56:37Z,146,0,146
UgzQQMTqPLLe9Fknwep4AaABAg,Le3XRTKtlos,https://www.youtube.com/watch?v=Le3XRTKtlos,Красивый момент🥰😍Сериал: Бриджертоны 2,@ЕленаЧуракова-п5с,Боже... как чувственно... до дрожи... до боли... Как я рада за них... (пусть даже это кино)...,2023-10-02T18:13:03Z,86,0,86
UgzeSQdyO43pRmc0GBd4AaABAg,Le3XRTKtlos,https://www.youtube.com/watch?v=Le3XRTKtlos,Красивый момент🥰😍Сериал: Бриджертоны 2,@ЕленаАрт-и3х,"Как он играет, вау👄",2022-10-04T06:19:32Z,82,0,82
UgzHQdSErh8dAL7A8gR4AaABAg,Le3XRTKtlos,https://www.youtube.com/watch?v=Le3XRTKtlos,Красивый момент🥰😍Сериал: Бриджертоны 2,@happiness4545,Реально момент ❤ я так люблю такие моменты 🥰🥰🥰💋,2022-06-12T08:45:48Z,79,0,79
UgzPO0coQqxWIvw5W2B4AaABAg,Le3XRTKtlos,https://www.youtube.com/watch?v=Le3XRTKtlos,Красивый момент🥰😍Сериал: Бриджертоны 2,@ssssfrtdgdfdj,"Эта актриса так нелепо и неестественно выглядит в данной роли 🤦 и торс как у борцухи не прибавляет ей той самой лёгкости и звонкости, которые присущи дамам тех времён, по крайней мере в кино.",2022-06-14T20:18:48Z,56,4,60
Ugw8-ISqlc4vOE-OLp14AaABAg,Le3XRTKtlos,https://www.youtube.com/watch?v=Le3XRTKtlos,Красивый момент🥰😍Сериал: Бриджертоны 2,@жабаблудница,красивый мужчина)) харизма прет)),2022-10-02T09:17:08Z,58,0,58
UgzwdLtyiuGpUkfAyOt4AaABAg,Le3XRTKtlos,https://www.youtube.com/watch?v=Le3XRTKtlos,Красивый момент🥰😍Сериал: Бриджертоны 2,@Аташ-э4щ,Я тоже так кайфовал когда она мимо проходила в начале знакомства с женой 😂 а она все знала об этом потом призналась хвала Всевышнему скоро уже как 20 лет этот кайф рядом. Когда вредничает думаешь сейчас накажу а она опять мимо пройдёт вспоминаю эти моменты и нервы отступают это уже ее фишка 😂😂😂,2025-05-11T17:11:54Z,42,0,42
UgzTk6y0B6OqZUO5rwx4AaABAg,Le3XRTKtlos,https://www.youtube.com/watch?v=Le3XRTKtlos,Красивый момент🥰😍Сериал: Бриджертоны 2,@Doramamamasoft,Он в каждом таком ролике на ее бюст заглядывается🤭. А говорят ещё гей😂,2022-06-10T05:37:04Z,37,2,39
UgzB2L5ihBiRqUoTh0d4AaABAg,Le3XRTKtlos,https://www.youtube.com/watch?v=Le3XRTKtlos,Красивый момент🥰😍Сериал: Бриджертоны 2,@user-oi2hz8hz2x,Запах любимой женщины.,2022-06-20T20:13:55Z,29,3,32
Ugx-TfsPBCV-Jp91hRB4AaABAg,Le3XRTKtlos,https://www.youtube.com/watch?v=Le3XRTKtlos,Красивый момент🥰😍Сериал: Бриджертоны 2,@МаринаБеликова-м1ж,"Первый раз вижу чтобы название сразу написали,респект 👍👍🙌",2022-10-09T10:56:59Z,29,0,29
Ugy-wYvhJuLjWTO5eQV4AaABAg,Le3XRTKtlos,https://www.youtube.com/watch?v=Le3XRTKtlos,Красивый момент🥰😍Сериал: Бриджертоны 2,@СветланаСветлана-д6и4я,Красивый момент!,2022-10-01T15:30:04Z,25,0,25
Ugx0Wb6SdVDpK5fadah4AaABAg,Le3XRTKtlos,https://www.youtube.com/watch?v=Le3XRTKtlos,Красивый момент🥰😍Сериал: Бриджертоны 2,@zlayasu,Запах ..это любовь,2022-10-04T16:11:27Z,24,0,24
Ugz6O-3dxLw1hR7qVs94AaABAg,Le3XRTKtlos,https://www.youtube.com/watch?v=Le3XRTKtlos,Красивый момент🥰😍Сериал: Бриджертоны 2,@DashaZabodaeva,Какой же маразм 😔,2022-06-10T17:07:57Z,19,0,19
UgxJ9OQ82UchJkyVCu14AaABAg,Le3XRTKtlos,https://www.youtube.com/watch?v=Le3XRTKtlos,Красивый момент🥰😍Сериал: Бриджертоны 2,@ЕвгенияТихонова-ч9м,"Сейчас из солидарности к чернокожим актерам ,их берут во все исторические фильмы,но на самом деле их не может там быть потому",2022-10-12T11:53:08Z,12,2,14
UgzaFUL7qbFXEYlK5rR4AaABAg,Le3XRTKtlos,https://www.youtube.com/watch?v=Le3XRTKtlos,Красивый момент🥰😍Сериал: Бриджертоны 2,@ТатьянаЯ-ж2н,Вот всегда так. Красавец мужчина не мужчина.,2022-11-19T19:20:38Z,13,0,13
UgwDp5NImD8nDuFtOJZ4AaABAg,Le3XRTKtlos,https://www.youtube.com/watch?v=Le3XRTKtlos,Красивый момент🥰😍Сериал: Бриджертоны 2,@ИринаКузина-е6х,Она из Индии что-ли?) Актер шикарен .,2022-06-19T06:40:13Z,13,0,13
UgyvWOJxTTncEoI56_N4AaABAg,Le3XRTKtlos,https://www.youtube.com/watch?v=Le3XRTKtlos,Красивый момент🥰😍Сериал: Бриджертоны 2,@nonameskhishvili7319,"Она такая аристократка  как я китайский император,",2022-09-27T20:41:14Z,13,0,13
UgzgXpZJd7pYyeIkJzd4AaABAg,Le3XRTKtlos,https://www.youtube.com/watch?v=Le3XRTKtlos,Красивый момент🥰😍Сериал: Бриджертоны 2,@maisakotikova17,Можно 100 тысяч лайков поставить этой сцене 😍😍😍,2022-10-18T16:59:06Z,12,0,12
UgyLvW5vDFG6Q7VAt6p4AaABAg,Le3XRTKtlos,https://www.youtube.com/watch?v=Le3XRTKtlos,Красивый момент🥰😍Сериал: Бриджертоны 2,@Мусямышейнеловит,Чернокожие британские аристократы....,2022-09-29T19:39:54Z,10,2,12
UgxK5E8URRrRJv-1eH54AaABAg,Le3XRTKtlos,https://www.youtube.com/watch?v=Le3XRTKtlos,Красивый момент🥰😍Сериал: Бриджертоны 2,@mrrobot8377,Что-то от Джейн Остин )),2022-09-30T17:27:31Z,11,0,11
UgxmyUQf1Sbfyi13epp4AaABAg,Le3XRTKtlos,https://www.youtube.com/watch?v=Le3XRTKtlos,Красивый момент🥰😍Сериал: Бриджертоны 2,@AllaDias,"Ох как она его заводила! Кармические отношения, они такие!🔥🔥🔥🔥🔥🔥🔥😁",2022-10-08T05:18:51Z,10,1,11
UgxCEpLwuKjKO7e7FSp4AaABAg,Le3XRTKtlos,https://www.youtube.com/watch?v=Le3XRTKtlos,Красивый момент🥰😍Сериал: Бриджертоны 2,@alenanekrasova9203,"Испортили фильм.. Замечу, что в подобной порнушке соглашаются играть только мало популярные актёры. Корифеи с этим не связываются.",2022-06-15T05:59:32Z,11,0,11
UgymofPaw4dPDLXvHrp4AaABAg,Le3XRTKtlos,https://www.youtube.com/watch?v=Le3XRTKtlos,Красивый момент🥰😍Сериал: Бриджертоны 2,@MrMsJKGL,"Какая пара, какая химия❤",2023-07-20T09:14:44Z,11,0,11
UgxUL2Z67v9wtWBxWZ14AaABAg,Le3XRTKtlos,https://www.youtube.com/watch?v=Le3XRTKtlos,Красивый момент🥰😍Сериал: Бриджертоны 2,@НуретБеданокова,Даже смешно видеть.. 🤣🤣,2022-09-30T03:29:12Z,9,0,9
UgwQ19dDGMHTGku6hot4AaABAg,Le3XRTKtlos,https://www.youtube.com/watch?v=Le3XRTKtlos,Красивый момент🥰😍Сериал: Бриджертоны 2,@ТанзеляМуратова,Так прекрасно! Обожаю этот сериал!!! Браво!!!💞💞💞,2022-06-23T14:52:30Z,9,0,9
UgxuIXkipkrHG55PzwB4AaABAg,Le3XRTKtlos,https://www.youtube.com/watch?v=Le3XRTKtlos,Красивый момент🥰😍Сериал: Бриджертоны 2,@ВераАвакова-и2у,"А мне не хватило химии между ними. Незнаю почему. Первая пара лучше. Посмотрим кого слующего выдавать замуж будут. Сколько там детей? 8 лили7, будет столько сезонов.",2022-09-28T09:03:39Z,8,1,9
UgzLwptC-sCqQa7bPXl4AaABAg,Le3XRTKtlos,https://www.youtube.com/watch?v=Le3XRTKtlos,Красивый момент🥰😍Сериал: Бриджертоны 2,@Ykropchik-hw4yl,"""Запах лилий и мыла""🥵",2022-06-09T22:48:17Z,7,1,8
UgwNam7WFsQ27ShW5814AaABAg,Le3XRTKtlos,https://www.youtube.com/watch?v=Le3XRTKtlos,Красивый момент🥰😍Сериал: Бриджертоны 2,@РадмилаПантелеева-щ7й,Да уж😂😂😂 Темнокожая  аристократка🥴,2022-10-03T10:14:03Z,7,0,7
UgyiMK9MYzEQAZufXT14AaABAg,Le3XRTKtlos,https://www.youtube.com/watch?v=Le3XRTKtlos,Красивый момент🥰😍Сериал: Бриджертоны 2,@ГенералБарнаки,С этой повесточкой вообще не осталось нормальных сериалов,2022-10-01T18:27:06Z,6,1,7
UgyYdyjKttWxHe_H7zd4AaABAg,Le3XRTKtlos,https://www.youtube.com/watch?v=Le3XRTKtlos,Красивый момент🥰😍Сериал: Бриджертоны 2,@РвттпоПррпо,До чего же мужчины красивые!,2022-10-09T17:15:38Z,6,0,6
UgwXCjdhDFpdJhbRjbl4AaABAg,Le3XRTKtlos,https://www.youtube.com/watch?v=Le3XRTKtlos,Красивый момент🥰😍Сериал: Бриджертоны 2,@sophie_2307,Один из любимых моментов❤,2024-02-27T19:55:46Z,5,0,5
UgwiflUs5hCg5OS7lZl4AaABAg,Le3XRTKtlos,https://www.youtube.com/watch?v=Le3XRTKtlos,Красивый момент🥰😍Сериал: Бриджертоны 2,@Кыргызка-щ6л,Пересмотрела 10 раз кайф,2022-10-17T09:38:24Z,5,0,5
UgxPTHF4dZOAMgxeFq54AaABAg,Le3XRTKtlos,https://www.youtube.com/watch?v=Le3XRTKtlos,Красивый момент🥰😍Сериал: Бриджертоны 2,@ЖизньПрекрасна-м4ю,😍какая красотка!!!,2022-10-11T17:03:29Z,5,0,5
Ugz0AQqC_tPiC5WNRxl4AaABAg,Le3XRTKtlos,https://www.youtube.com/watch?v=Le3XRTKtlos,Красивый момент🥰😍Сериал: Бриджертоны 2,@ТатьянаНиколина-ъ9ъ,Это он прибалдел от запаха духов? волос? Или с закрытыми глазами легче представить её.....,2022-10-08T14:28:09Z,4,1,5
UgyZ1hzNxDbX5Nmoz6t4AaABAg,Le3XRTKtlos,https://www.youtube.com/watch?v=Le3XRTKtlos,Красивый момент🥰😍Сериал: Бриджертоны 2,@bobdilan3992,Чёрные были рабами в то время 😂😂😂,2022-09-28T20:14:20Z,4,1,5
UgzS6w3tEeHYGbVHMgx4AaABAg,Le3XRTKtlos,https://www.youtube.com/watch?v=Le3XRTKtlos,Красивый момент🥰😍Сериал: Бриджертоны 2,@Питон-з2я,"Как по мне ,то он вдыхает её аромат.Запоминает её запах❤так сказать 🤤",2024-11-22T16:25:49Z,4,0,4
UgyLDWBDzB-4ggmJNA14AaABAg,Le3XRTKtlos,https://www.youtube.com/watch?v=Le3XRTKtlos,Красивый момент🥰😍Сериал: Бриджертоны 2,@Tasha.Maru7,Пошла пересматривать второй сезон 😍😭,2024-08-04T21:21:48Z,4,0,4
Ugx43phpIjWr-lpsijV4AaABAg,Le3XRTKtlos,https://www.youtube.com/watch?v=Le3XRTKtlos,Красивый момент🥰😍Сериал: Бриджертоны 2,@ЮлияКиреева-г8ъ,"Я не поняла, это что, про рабство, он влюбился в няньку или горничную?",2022-09-27T05:45:21Z,4,0,4
Ugwp92kxBMIUeLK82aR4AaABAg,Le3XRTKtlos,https://www.youtube.com/watch?v=Le3XRTKtlos,Красивый момент🥰😍Сериал: Бриджертоны 2,@soroka400,Со смеху  чуть не умер пока смотрел эту бредятину.,2022-10-01T19:55:53Z,4,0,4
UgxRhJ-ZLALb5-LuOGl4AaABAg,Le3XRTKtlos,https://www.youtube.com/watch?v=Le3XRTKtlos,Красивый момент🥰😍Сериал: Бриджертоны 2,@ЛиСОКОЛ,"Жду, когда снимут фильм о британской королеве с африканской внешностью. Хорошо, если она окажется из ЮАР",2022-10-02T15:34:01Z,2,2,4
UgyDdXVlfdx5sXloPcp4AaABAg,Le3XRTKtlos,https://www.youtube.com/watch?v=Le3XRTKtlos,Красивый момент🥰😍Сериал: Бриджертоны 2,@ГалинаКотова-г2р,❤❤❤Ах какой чувственный мужчина❤❤❤,2024-10-27T05:10:38Z,3,0,3
Ugyt5TjGwnXCpN2FCsp4AaABAg,Le3XRTKtlos,https://www.youtube.com/watch?v=Le3XRTKtlos,Красивый момент🥰😍Сериал: Бриджертоны 2,@roserakhim6344,Какой страстный,2022-10-16T18:53:22Z,3,0,3
Ugxm-HA04bdcjxp3Ey54AaABAg,Le3XRTKtlos,https://www.youtube.com/watch?v=Le3XRTKtlos,Красивый момент🥰😍Сериал: Бриджертоны 2,@Superman-vd6pd,Красивая девушка!!,2022-10-05T09:32:15Z,3,0,3
UgwIumhgZfz1gyLBQmV4AaABAg,Le3XRTKtlos,https://www.youtube.com/watch?v=Le3XRTKtlos,Красивый момент🥰😍Сериал: Бриджертоны 2,@mardin8927,Почувствовал резкий запах биряни,2022-10-08T21:42:29Z,2,1,3
Ugzodfeu-L0zpx9oAbp4AaABAg,Le3XRTKtlos,https://www.youtube.com/watch?v=Le3XRTKtlos,Красивый момент🥰😍Сериал: Бриджертоны 2,@Maria_Medvedeva_art,"Сериал фигня какая-то, но эта пара просто космос. Мотала на их сцены, у них химия просто невероятная, бабочки в животе летают. Даже не верится, что гей с девушкой может сыграть так правдоподобно, актёры 👍",2024-01-21T16:22:24Z,3,0,3
UgzLmIls2EITOUGTNfd4AaABAg,Le3XRTKtlos,https://www.youtube.com/watch?v=Le3XRTKtlos,Красивый момент🥰😍Сериал: Бриджертоны 2,@اميرة-د7ي2س,name??,2022-09-30T17:08:12Z,2,1,3
UgwUoPs7wfzXKUuHlpN4AaABAg,Le3XRTKtlos,https://www.youtube.com/watch?v=Le3XRTKtlos,Красивый момент🥰😍Сериал: Бриджертоны 2,@ТамараТузбая,"Люди добрые это просто сериал,персонажи все выдумани..какая разница белые или чёрные...",2024-01-06T23:39:15Z,3,0,3
UgwrtOWv6jOJTUN3N8d4AaABAg,Le3XRTKtlos,https://www.youtube.com/watch?v=Le3XRTKtlos,Красивый момент🥰😍Сериал: Бриджертоны 2,@ИннР,Мама Кейт и Эдвины невероятной красоты ❤,2025-11-02T18:41:46Z,2,0,2
Ugy3KDDcoyHE9UagB9p4AaABAg,Le3XRTKtlos,https://www.youtube.com/watch?v=Le3XRTKtlos,Красивый момент🥰😍Сериал: Бриджертоны 2,@MrMsJKGL,"Какая пара, какая химия❤",2023-07-20T09:14:18Z,2,0,2
UgwAF1xxI2Y2EBxA-Yp4AaABAg,Le3XRTKtlos,https://www.youtube.com/watch?v=Le3XRTKtlos,Красивый момент🥰😍Сериал: Бриджертоны 2,@tikkun888,Какой забавный Чебураха))),2022-10-03T13:31:01Z,2,0,2
UgzL7zNpBO1BxQBrB3d4AaABAg,Le3XRTKtlos,https://www.youtube.com/watch?v=Le3XRTKtlos,Красивый момент🥰😍Сериал: Бриджертоны 2,@olhayefimova4236,👍🏻👍🏻👍🏻👍🏻👍🏻💓💓💓💓💓,2022-10-03T07:40:03Z,2,0,2
Ugxk913qtZnwwAamsO14AaABAg,Le3XRTKtlos,https://www.youtube.com/watch?v=Le3XRTKtlos,Красивый момент🥰😍Сериал: Бриджертоны 2,@ЛиСОКОЛ,"Хороший актер, но красавцем не назовешь",2022-10-02T15:39:07Z,2,0,2
Ugy62CZ2WZeVSXfuiQN4AaABAg,Le3XRTKtlos,https://www.youtube.com/watch?v=Le3XRTKtlos,Красивый момент🥰😍Сериал: Бриджертоны 2,@tanyarax2843,"Перед тем как писать, загуглите инфу. Это не исторический сериал! Он снят по дамскому роману🤌🏻а девушки индийского происхождения , мать порицается в обществе 🤦‍♀️",2022-10-17T12:47:10Z,2,0,2
UgzBb95RCYoNrQWiLjx4AaABAg,Le3XRTKtlos,https://www.youtube.com/watch?v=Le3XRTKtlos,Красивый момент🥰😍Сериал: Бриджертоны 2,@ЛюдмилаСизова-ъ3е,"Название фильма, пожалуйста.... Ах... Красота... Мммм",2022-10-14T19:26:55Z,1,1,2
UgxxrWEc_D9y7oJWlbR4AaABAg,Le3XRTKtlos,https://www.youtube.com/watch?v=Le3XRTKtlos,Красивый момент🥰😍Сериал: Бриджертоны 2,@elenaru314,А почему не афроамериканцы играют?! Считаете их недостаточно талантливыми? Опять притеснение и унижение!,2022-10-04T04:48:44Z,2,0,2
UgwN8HoeJspU4WGvncd4AaABAg,Le3XRTKtlos,https://www.youtube.com/watch?v=Le3XRTKtlos,Красивый момент🥰😍Сериал: Бриджертоны 2,@SamsungSamsung-hd8cs,Как называется фильм пожайлуста,2022-10-07T03:15:45Z,1,1,2
Ugwlqf94xm6RDM5NPwN4AaABAg,Le3XRTKtlos,https://www.youtube.com/watch?v=Le3XRTKtlos,Красивый момент🥰😍Сериал: Бриджертоны 2,@ШамуляЛуганова,Как называется,2022-09-30T17:21:31Z,1,1,2
Ugy1Iha-iXXxbzc9zY54AaABAg,Le3XRTKtlos,https://www.youtube.com/watch?v=Le3XRTKtlos,Красивый момент🥰😍Сериал: Бриджертоны 2,@laurakononova7442,"Что за фильм,подскажите пожалуйста",2025-02-25T20:36:46Z,0,2,2
UgwaplfGohCNSWp5F4F4AaABAg,Le3XRTKtlos,https://www.youtube.com/watch?v=Le3XRTKtlos,Красивый момент🥰😍Сериал: Бриджертоны 2,@paradise1384,В реальности ее не подпускали бы даже близко к аристократии. Испортили сериал,2022-09-29T14:38:28Z,2,0,2
UgxG5XSVqnNRusFKL-14AaABAg,Le3XRTKtlos,https://www.youtube.com/watch?v=Le3XRTKtlos,Красивый момент🥰😍Сериал: Бриджертоны 2,@maxmaxmax875,Негры аристократы. Фантастика?)),2022-10-01T13:09:57Z,1,1,2
UgzpzRIkY2RH2g5WwVF4AaABAg,Le3XRTKtlos,https://www.youtube.com/watch?v=Le3XRTKtlos,Красивый момент🥰😍Сериал: Бриджертоны 2,@reginafranjipan6357,Она пахла водами Ганга😂,2026-01-02T22:13:19Z,1,0,1
Ugy-7o9vy2-dQPaCILp4AaABAg,Le3XRTKtlos,https://www.youtube.com/watch?v=Le3XRTKtlos,Красивый момент🥰😍Сериал: Бриджертоны 2,@ЕленаГришина-н8в,"Спасибо за название фильма, буду смотреть🎉",2024-03-14T16:15:34Z,1,0,1
UgyQDmAIHGe1nhqxi-R4AaABAg,Le3XRTKtlos,https://www.youtube.com/watch?v=Le3XRTKtlos,Красивый момент🥰😍Сериал: Бриджертоны 2,@ГасанГалбацов-и4ю,классный момент❤,2024-03-16T11:04:17Z,1,0,1
UgwRckjvDowyn-qwhv94AaABAg,Le3XRTKtlos,https://www.youtube.com/watch?v=Le3XRTKtlos,Красивый момент🥰😍Сериал: Бриджертоны 2,@rpwns2162,Чекаю 3 ❤,2022-10-04T14:39:44Z,1,0,1
UgxuQR_TF4XsE2nnArd4AaABAg,Le3XRTKtlos,https://www.youtube.com/watch?v=Le3XRTKtlos,Красивый момент🥰😍Сериал: Бриджертоны 2,@lindarafailidis4365,♥️♥️♥️♥️♥️♥️,2022-10-10T09:49:33Z,1,0,1
Ugyyq9BwVMrd-FJdVcl4AaABAg,Le3XRTKtlos,https://www.youtube.com/watch?v=Le3XRTKtlos,Красивый момент🥰😍Сериал: Бриджертоны 2,@ОксанаПисьменна-э7ж,Серіал просто клас не можу дочекатися наступного сезону,2022-10-11T08:39:30Z,1,0,1
UgyhqsNzViHv6PcgnI14AaABAg,Le3XRTKtlos,https://www.youtube.com/watch?v=Le3XRTKtlos,Красивый момент🥰😍Сериал: Бриджертоны 2,@жабаблудница,"почему всегда так😅 когда красивый мужчина бегает за женщину) как мальчишка  а она всячески избегает! его! сокает, корчит глаза?! или она изначально уже знает кто он на самом деле?!! почему так?!",2022-10-04T08:51:16Z,1,0,1
UgxGrjiR-Tk4OnZLqol4AaABAg,Le3XRTKtlos,https://www.youtube.com/watch?v=Le3XRTKtlos,Красивый момент🥰😍Сериал: Бриджертоны 2,@НатальяСоловьева-ь3м,Надо что бы мужчин аристократов играли не англичане и раз..... Боливуд,2022-09-30T13:10:04Z,1,0,1
Ugz_VAee1ojukxTmOkt4AaABAg,Le3XRTKtlos,https://www.youtube.com/watch?v=Le3XRTKtlos,Красивый момент🥰😍Сериал: Бриджертоны 2,@greentea-d9p,Что за озвучка ????,2024-07-02T09:06:59Z,1,0,1
UgzFuGYWIcoU_X8YYA54AaABAg,Le3XRTKtlos,https://www.youtube.com/watch?v=Le3XRTKtlos,Красивый момент🥰😍Сериал: Бриджертоны 2,@hiiamasiyeyusi,Забавный факт в реальной жизни он гей,2024-07-05T17:27:54Z,1,0,1
UgyBooJO5Or0ffU_qLt4AaABAg,Le3XRTKtlos,https://www.youtube.com/watch?v=Le3XRTKtlos,Красивый момент🥰😍Сериал: Бриджертоны 2,@salimasirojiddinova110,А какая серия?,2022-06-12T19:06:25Z,0,1,1
Ugwqk-feQdXRvVowbqd4AaABAg,Le3XRTKtlos,https://www.youtube.com/watch?v=Le3XRTKtlos,Красивый момент🥰😍Сериал: Бриджертоны 2,@ЭльмираКожевникова-у1ю,"Я за достоверность. И когда видишь, как актёры явно не европейской внешности играют аристократию в книгах типа Д.Остин и Ч. Диккенса- Диссонанс! Смешно, нелепо!",2022-10-08T10:21:00Z,1,0,1
UgybU1G3qyzHFszrm_l4AaABAg,Le3XRTKtlos,https://www.youtube.com/watch?v=Le3XRTKtlos,Красивый момент🥰😍Сериал: Бриджертоны 2,@ЕленаМузыка-ж9щ,Можно песню плиз,2022-06-18T21:27:32Z,0,1,1
UgxrSTTrRaW-gfRYP-x4AaABAg,Le3XRTKtlos,https://www.youtube.com/watch?v=Le3XRTKtlos,Красивый момент🥰😍Сериал: Бриджертоны 2,@نيرواحمد-ض8ن,ماهو اسم المسلسل,2022-10-04T08:37:24Z,0,1,1
UgwhnyPPUu_gZbJiKKJ4AaABAg,Le3XRTKtlos,https://www.youtube.com/watch?v=Le3XRTKtlos,Красивый момент🥰😍Сериал: Бриджертоны 2,@linadreamdeathunicorn8292,Песня?,2022-06-11T07:14:08Z,0,1,1
UgwyuMjMG2qq5Ry4yzN4AaABAg,Le3XRTKtlos,https://www.youtube.com/watch?v=Le3XRTKtlos,Красивый момент🥰😍Сериал: Бриджертоны 2,@hudaayed9842,Movie name please??,2022-10-01T23:33:39Z,0,1,1
UgyuWF9BhyBLZinYuNV4AaABAg,Le3XRTKtlos,https://www.youtube.com/watch?v=Le3XRTKtlos,Красивый момент🥰😍Сериал: Бриджертоны 2,@sabrinasuleymanova1166,а как называеться это кино скажите,2022-10-18T19:14:05Z,0,1,1
Ugwvg5SOVW6dhh74OM94AaABAg,Le3XRTKtlos,https://www.youtube.com/watch?v=Le3XRTKtlos,Красивый момент🥰😍Сериал: Бриджертоны 2,@ГулдауренЕскалиева,Название как это сериала,2022-10-10T09:51:21Z,0,1,1
UgyXtFAMMu_Ut_6Q_P54AaABAg,Le3XRTKtlos,https://www.youtube.com/watch?v=Le3XRTKtlos,Красивый момент🥰😍Сериал: Бриджертоны 2,@Дина-л4е3о,Похоть... просто у него...,2022-06-17T05:20:47Z,1,0,1
Ugwgp9CIzfiCXjWztAl4AaABAg,Le3XRTKtlos,https://www.youtube.com/watch?v=Le3XRTKtlos,Красивый момент🥰😍Сериал: Бриджертоны 2,@NoaNaomi,"А зачем тогда придерживаться моды в одежде тех времен? Почему бы тогда не переодеться в ""удобное""? Или лысыми почему не играют? Они, что, ссылаются как-то на ту эпоху😲😨😨😨??? Фу, бл@!",2022-10-19T08:23:58Z,1,0,1
UgzCiSyJdXiWo-1nXwF4AaABAg,Le3XRTKtlos,https://www.youtube.com/watch?v=Le3XRTKtlos,Красивый момент🥰😍Сериал: Бриджертоны 2,@imaginary_lemur,"Мммм, темнокожая британская аристократка в Лондоне в ДЕВЯТНАДЦАТОМ (!) веке, да этот сериал (точнее, ВЫСЕРиал!) -- сама достоверность! Тьфу...",2023-04-01T00:45:25Z,1,0,1
UgwAMiPx3JNC9X0voKZ4AaABAg,Le3XRTKtlos,https://www.youtube.com/watch?v=Le3XRTKtlos,Красивый момент🥰😍Сериал: Бриджертоны 2,@user-tor6,ОХУ*ТЬ МОМЕНТ😂😂😂😂 Нехров леди не было тогда вообще-то 😂😂😂😂😆😆😆😆,2022-10-16T15:46:31Z,1,0,1
UgxHICrlflIZXM12UFd4AaABAg,Le3XRTKtlos,https://www.youtube.com/watch?v=Le3XRTKtlos,Красивый момент🥰😍Сериал: Бриджертоны 2,@ЕленаТопалова-н8ь,"Сошли с ума ,худшего сериала я не видела",2022-10-12T11:59:35Z,1,0,1
UgzQP_2gjIhzluyVLbh4AaABAg,Le3XRTKtlos,https://www.youtube.com/watch?v=Le3XRTKtlos,Красивый момент🥰😍Сериал: Бриджертоны 2,@lexxbabak1793,"Бедный ему аж от этой девушки плохо стало, чуть не проблевался.",2022-09-28T15:22:52Z,1,0,1
Ugywzo3VW1jd8LZ3MER4AaABAg,Le3XRTKtlos,https://www.youtube.com/watch?v=Le3XRTKtlos,Красивый момент🥰😍Сериал: Бриджертоны 2,@ФамилияИмя-ж3е,"Ну да 😄сейчас должны в  каждый фильм быть напиханы чернокожие , геи, лесбиянки  и инвалиды иначе фильм не фильм",2022-10-14T15:18:30Z,1,0,1
UgxfrQBPaC2cHp62J2B4AaABAg,Le3XRTKtlos,https://www.youtube.com/watch?v=Le3XRTKtlos,Красивый момент🥰😍Сериал: Бриджертоны 2,@ЕленаЮ-к7д,Толерантность идиотизма,2022-10-11T17:58:42Z,1,0,1
UgymD_YAa3W3mC73Mc14AaABAg,Le3XRTKtlos,https://www.youtube.com/watch?v=Le3XRTKtlos,Красивый момент🥰😍Сериал: Бриджертоны 2,@user-vo1hk3hu2n,Так глупо🤦‍♀️,2022-10-09T01:05:32Z,1,0,1
UgwxofPI9RvU49CmQlt4AaABAg,Le3XRTKtlos,https://www.youtube.com/watch?v=Le3XRTKtlos,Красивый момент🥰😍Сериал: Бриджертоны 2,@ЗОЛОТЦЕКУКОЛКА,Сериал классный. Пошла пересматривать.,2026-01-15T21:22:34Z,0,0,0
Ugw49jgxS3LNB3AieJx4AaABAg,Le3XRTKtlos,https://www.youtube.com/watch?v=Le3XRTKtlos,Красивый момент🥰😍Сериал: Бриджертоны 2,@МаликаГела,Энтони замечательно пепедает эмоции. Браво🎉.,2026-01-11T15:25:05Z,0,0,0
UgzBiQnYr7cs3TB9TY94AaABAg,Le3XRTKtlos,https://www.youtube.com/watch?v=Le3XRTKtlos,Красивый момент🥰😍Сериал: Бриджертоны 2,@КаринаМалышенко-е5ч,А ещё в библиотеке тоже❤,2025-08-27T09:58:39Z,0,0,0
Ugx5GVjCER2ZIEJ0x9R4AaABAg,Le3XRTKtlos,https://www.youtube.com/watch?v=Le3XRTKtlos,Красивый момент🥰😍Сериал: Бриджертоны 2,@Осетинка,"Особой красоты не вижу, просто симпатичный...",2022-10-11T18:41:15Z,0,0,0
UgyS9KH_bMi310usOUR4AaABAg,Le3XRTKtlos,https://www.youtube.com/watch?v=Le3XRTKtlos,Красивый момент🥰😍Сериал: Бриджертоны 2,@ChrisKir,Ну и ушастик😁💕,2023-01-18T18:44:38Z,0,0,0
Ugz2L7e5U_b84V7Kqr94AaABAg,Le3XRTKtlos,https://www.youtube.com/watch?v=Le3XRTKtlos,Красивый момент🥰😍Сериал: Бриджертоны 2,@AlinaKair-u1r,Настолько не симпатичный мужчины вроде бы с виду но столько в нем харизмы очень притягательный прекрасная пара,2025-11-20T17:18:36Z,0,0,0
Ugy9rMfR1IVVKV7jvOp4AaABAg,Le3XRTKtlos,https://www.youtube.com/watch?v=Le3XRTKtlos,Красивый момент🥰😍Сериал: Бриджертоны 2,@ИннаКапацына,ПРИКОЛЬНЕНЬКО...,2022-12-20T10:39:30Z,0,0,0
UgzD8BHNrSWVAmelJJx4AaABAg,Le3XRTKtlos,https://www.youtube.com/watch?v=Le3XRTKtlos,Красивый момент🥰😍Сериал: Бриджертоны 2,@МарияИванова-е3т7е,"В книге читатель сам додумывает, в кино то как раз",2022-10-14T17:03:40Z,0,0,0
UgyPIe6cSVqM8qXcE6t4AaABAg,Le3XRTKtlos,https://www.youtube.com/watch?v=Le3XRTKtlos,Красивый момент🥰😍Сериал: Бриджертоны 2,@beribumcyxin7115,Пародия на всё,2022-09-28T09:24:20Z,0,0,0
UgwriNz1wLbA3qssOZl4AaABAg,Le3XRTKtlos,https://www.youtube.com/watch?v=Le3XRTKtlos,Красивый момент🥰😍Сериал: Бриджертоны 2,@Liliya.Konoval,"Ну, ни для кого не секрет, что мы все нюхачи, и реагируем на запахи, исходящие от человека.. Здесь, актёр изображает восторг от флёра девицы)) Гей и девицы?! Смешнее ничего не видела",2022-10-03T06:20:03Z,0,0,0
UgwyIeX_HGb7VCeOCxV4AaABAg,Le3XRTKtlos,https://www.youtube.com/watch?v=Le3XRTKtlos,Красивый момент🥰😍Сериал: Бриджертоны 2,@goldenpeace6,О май гад..гадость..блин такой момент испортили..,2022-10-04T20:51:57Z,0,0,0
UgyM-feLgoX3Y7ui7W54AaABAg,Le3XRTKtlos,https://www.youtube.com/watch?v=Le3XRTKtlos,Красивый момент🥰😍Сериал: Бриджертоны 2,@AlinaKair-u1r,Как думаете он женился бы на младшей если бы она не догадалась к кому его влечет на самом деле ?,2025-11-20T17:17:05Z,0,0,0
UgwdAjNBScr0rapxnON4AaABAg,Le3XRTKtlos,https://www.youtube.com/watch?v=Le3XRTKtlos,Красивый момент🥰😍Сериал: Бриджертоны 2,@ЛенаНовикова-с9я,Как називається этот сериал?,2025-07-20T08:35:28Z,0,0,0
Ugw0c0Lqzsz767AjMtN4AaABAg,Le3XRTKtlos,https://www.youtube.com/watch?v=Le3XRTKtlos,Красивый момент🥰😍Сериал: Бриджертоны 2,@СтефанияКлюч,1й сезон лучше всех. Второй не зашел,2025-02-27T20:31:22Z,0,0,0
Ugz5280ARkXQSdEx3M14AaABAg,Le3XRTKtlos,https://www.youtube.com/watch?v=Le3XRTKtlos,Красивый момент🥰😍Сериал: Бриджертоны 2,@ЛарисаМ-в5н,👎👎👎👎👎,2022-06-17T12:59:44Z,0,0,0
Ugw1G9l__Uxok_7_jfd4AaABAg,Le3XRTKtlos,https://www.youtube.com/watch?v=Le3XRTKtlos,Красивый момент🥰😍Сериал: Бриджертоны 2,@MaDiNa11155,"Он гей, а как играет",2022-10-08T14:53:54Z,0,0,0
UgzgARKWq2MezE3TMu94AaABAg,Le3XRTKtlos,https://www.youtube.com/watch?v=Le3XRTKtlos,Красивый момент🥰😍Сериал: Бриджертоны 2,@raiana28,Боженька шнобелем не обделил их 😂,2022-10-19T00:22:28Z,0,0,0
Ugznbp4wFrLlAr-Tae14AaABAg,Le3XRTKtlos,https://www.youtube.com/watch?v=Le3XRTKtlos,Красивый момент🥰😍Сериал: Бриджертоны 2,@galinapuchkova4645,"Ну что вы взьелись. Если фею играет чернокожий гомосексуалист, а болейн оказывается была тоже чернокожей, то почему английская аристократка не может быть индианкой.",2022-10-05T06:54:56Z,0,0,0
UgzQVa182ecYzbiewed4AaABAg,Le3XRTKtlos,https://www.youtube.com/watch?v=Le3XRTKtlos,Красивый момент🥰😍Сериал: Бриджертоны 2,@ИраБутко-м1ф,Самый не любимый сезон(,2026-01-06T12:01:25Z,0,0,0
UgwU0Dj-p44KHd_9awt4AaABAg,Le3XRTKtlos,https://www.youtube.com/watch?v=Le3XRTKtlos,Красивый момент🥰😍Сериал: Бриджертоны 2,@BulaBalja,"Страшная она,как ни крути",2022-10-04T08:56:25Z,0,0,0
UgwerwSqnrvHqutAJX94AaABAg,Le3XRTKtlos,https://www.youtube.com/watch?v=Le3XRTKtlos,Красивый момент🥰😍Сериал: Бриджертоны 2,@ДжамиляМагомедова-е2е,Как фильм называется скажите пожалуйста,2025-09-08T12:40:40Z,0,0,0
UgwEYXRk105C8OD-4B14AaABAg,yTL9OUFgYI8,https://www.youtube.com/watch?v=yTL9OUFgYI8,Бриджертоны | Неужели я столь слепа? | Сериал 2 сезон,@silence-gt6gz,"меня вообще удивляют люди, которых так волнует ЦВЕТ КОЖИ. это буквально художественный фильм, они на балах танцуют под ариану гранде. фильм не претендует на историческую точность, это альтернативная реальность, фантастика считай.
уймите свое занудство.",2023-04-26T11:21:01Z,722,13,735
Ugx5js3rK_czzPBOuDl4AaABAg,yTL9OUFgYI8,https://www.youtube.com/watch?v=yTL9OUFgYI8,Бриджертоны | Неужели я столь слепа? | Сериал 2 сезон,@DinaLov11,"Мне очень нравится эта сестра помладше,и сама красавица и характером прекрасна и сердцем добра",2022-10-20T20:47:32Z,721,8,729
UgykAsqdjYHePRoriUV4AaABAg,yTL9OUFgYI8,https://www.youtube.com/watch?v=yTL9OUFgYI8,Бриджертоны | Неужели я столь слепа? | Сериал 2 сезон,@ЛилитМелкумян-х4я,"В этом сериале в самом начале объясняют, почему среди знати есть темнокожие. Этому дается объяснение + это позволяет жанр. Поэтому это единственный сериал, который меня не бесит своей «толерантностью». С удовольствием смотрю ❤",2023-11-06T12:25:46Z,549,12,561
Ugy6IeVus_0g1nUoM7p4AaABAg,yTL9OUFgYI8,https://www.youtube.com/watch?v=yTL9OUFgYI8,Бриджертоны | Неужели я столь слепа? | Сериал 2 сезон,@hadievloeva9643,"Обалденный сериал, правда история с Дафной лучшая 👍",2022-10-27T08:23:55Z,282,3,285
UgxqxNtdt8tunBClSbB4AaABAg,yTL9OUFgYI8,https://www.youtube.com/watch?v=yTL9OUFgYI8,Бриджертоны | Неужели я столь слепа? | Сериал 2 сезон,@InBackSound,в конце сериала в корне изменила своё мнение об этой девушке. она оказалось самой стойкой и рассудительной,2023-04-27T11:59:42Z,188,5,193
UgzWxZU1LEHSgRA1cO14AaABAg,yTL9OUFgYI8,https://www.youtube.com/watch?v=yTL9OUFgYI8,Бриджертоны | Неужели я столь слепа? | Сериал 2 сезон,@keehhow1318,"Всегда ставлю в пример этот сериал, когда речь заходит о новой «толлерантности» в киноиндустрии. Мне непонятно зачем переснимать фильмы с участием темнокожих, где по задумке/сюжеты были белые люди, особенно когда исторически/географически темнокожих быть не могло. Это история, ужасно, что их считали рабами и не пускали никуда, но есть множество сюжетов, куда идеально можно вписать темнокожих. Этот сериал ИДЕАЛЬНЫЙ пример: он позиционирует себя, как сюжет с альтернативным миром, как могло бы быть, если бы не расизм. 

К сериалам/фильмам с оригинальным сюжетом вообще ноль претензий, а вот к Белоснежке и Русалочке куча вопросов. Можно создавать новые сказки с новыми принцессами, это будет интересно, а не мусолить старое и доводить все до абсурда",2024-05-19T20:47:42Z,164,2,166
UgwmkmxoFf96LcsA6zN4AaABAg,yTL9OUFgYI8,https://www.youtube.com/watch?v=yTL9OUFgYI8,Бриджертоны | Неужели я столь слепа? | Сериал 2 сезон,@НигораМуминова-я1х,"Как же он мне нравится, красавчик😍",2022-07-18T07:02:14Z,146,0,146
UgyTlmoiheZKV70_6zt4AaABAg,yTL9OUFgYI8,https://www.youtube.com/watch?v=yTL9OUFgYI8,Бриджертоны | Неужели я столь слепа? | Сериал 2 сезон,@ИннаСмирнова-б9м,Темнокожие аристократы😂😂😂😂😂,2023-04-14T09:16:24Z,126,18,144
UgyCyrcwHNDrASyj7Ap4AaABAg,yTL9OUFgYI8,https://www.youtube.com/watch?v=yTL9OUFgYI8,Бриджертоны | Неужели я столь слепа? | Сериал 2 сезон,@hummingbirdhummingbird9881,"Ждём фильм ""Снегурочка"" с темнокожей актриссой! 🤔",2023-04-18T21:30:30Z,93,17,110
UgzNGv4EwzHLS0qxnxN4AaABAg,yTL9OUFgYI8,https://www.youtube.com/watch?v=yTL9OUFgYI8,Бриджертоны | Неужели я столь слепа? | Сериал 2 сезон,@Ann-yo6sv,"В книге окружающие все сразу поняли и старались их свести. Но мне нравится, что сценарий сильно переписали, сериалу это пошло на пользу.",2023-08-06T21:26:52Z,109,0,109
UgxnHDeS_eqrQSUYIkR4AaABAg,yTL9OUFgYI8,https://www.youtube.com/watch?v=yTL9OUFgYI8,Бриджертоны | Неужели я столь слепа? | Сериал 2 сезон,@Малена-з1в,Что за националисты? Цвет кожи и черты лица очень красивые!,2023-03-30T17:46:22Z,58,21,79
UgzODev6VrYt7W7zyvV4AaABAg,yTL9OUFgYI8,https://www.youtube.com/watch?v=yTL9OUFgYI8,Бриджертоны | Неужели я столь слепа? | Сериал 2 сезон,@bek3703,"офигенный сериал, и 1 и2 сезон",2022-06-15T04:43:26Z,71,3,74
Ugx4-kIOasv2O5wrJXF4AaABAg,yTL9OUFgYI8,https://www.youtube.com/watch?v=yTL9OUFgYI8,Бриджертоны | Неужели я столь слепа? | Сериал 2 сезон,@ГулимГафиз,Зачем переписывать историю? Темнокожие актрисы так же нелепы как рэпер в пуантах,2023-04-19T14:26:55Z,64,4,68
UgzgQHArdHxOPqnPb7J4AaABAg,yTL9OUFgYI8,https://www.youtube.com/watch?v=yTL9OUFgYI8,Бриджертоны | Неужели я столь слепа? | Сериал 2 сезон,@РимаБакаева-и2с,мне смешно когда вижу мулаток  в старинных фильмах. В те времена они были прислугами у господ и Вряд-ли их пустили на бал😄,2022-11-03T15:13:09Z,51,4,55
UgzphBlAyZF5wGgBmaJ4AaABAg,yTL9OUFgYI8,https://www.youtube.com/watch?v=yTL9OUFgYI8,Бриджертоны | Неужели я столь слепа? | Сериал 2 сезон,@lumosnox3877,"Энтони так носом водил, будто нюхал Кейт 😂",2023-04-16T16:28:41Z,49,2,51
Ugwfk7MrmFfYpUunQyp4AaABAg,yTL9OUFgYI8,https://www.youtube.com/watch?v=yTL9OUFgYI8,Бриджертоны | Неужели я столь слепа? | Сериал 2 сезон,@aselmukametjan7165,"Ей так идёт этот коралловый цвет, а колье вообще бесподобное! Одежда, причёска - шик! 🎉",2023-04-28T07:18:11Z,49,1,50
UgyTeUHClbHzhUQ1gYt4AaABAg,yTL9OUFgYI8,https://www.youtube.com/watch?v=yTL9OUFgYI8,Бриджертоны | Неужели я столь слепа? | Сериал 2 сезон,@soullmateam,"На тебе были розовые очки детка, поэтому ты ничего не замечала. А насчёт тех кого волнует цвет кожи, клянусь, пока не прочитала комменты, я даже не обращала на это внимания. Люди, будьте проще, всё исходит из вашей головы...",2024-05-23T09:30:59Z,49,0,49
Ugz_3GN_Kco9qCcFyFR4AaABAg,yTL9OUFgYI8,https://www.youtube.com/watch?v=yTL9OUFgYI8,Бриджертоны | Неужели я столь слепа? | Сериал 2 сезон,@danaboranbayeva5733,КЭнтони❤,2022-05-16T16:54:11Z,46,0,46
UgzUwsrM4DEJErZJOVZ4AaABAg,yTL9OUFgYI8,https://www.youtube.com/watch?v=yTL9OUFgYI8,Бриджертоны | Неужели я столь слепа? | Сериал 2 сезон,@nektoincognito5339,"эти две сестры похожи тем, что обе умные, красивые, воспиатнные как настоящие леди, только у старшей характер мужской, конкруентно настроенный, а у младшей более покладистый, у нее тоже есть свое мнение, но она более женственная в стереотипном понимании, то есть готова уступить мужчине. И как бы мужик ее по достоинству оценил, он ничего против нее имеет, она действительно выигрышная партия, но покорность его увы не штырит. Да и молодая она слишком для него, слишком романтичная и возвышенная, а старшая сестра по возрасту и по жизненному опыту ему ближе, да и более приземеленная, он тоже такой не особо романтичный и практично мычлит. И мне как-то, если честно, старшая тоже ближе, страстная барышня такая, живая и интересная",2023-11-02T22:35:48Z,43,2,45
UgyOOwigXqtgWWMX31p4AaABAg,yTL9OUFgYI8,https://www.youtube.com/watch?v=yTL9OUFgYI8,Бриджертоны | Неужели я столь слепа? | Сериал 2 сезон,@dashatsareva2988,"Ммм, загорелая аристократия",2022-07-14T17:01:22Z,27,13,40
UgyFf0CQ_QU_egMypGB4AaABAg,yTL9OUFgYI8,https://www.youtube.com/watch?v=yTL9OUFgYI8,Бриджертоны | Неужели я столь слепа? | Сериал 2 сезон,@anastasyaray5733,"Герои в книгах были другие не только внешне, но и по характеру, больно смотреть на этот шедевр.",2023-04-25T06:19:12Z,29,2,31
UgzBIwTGvYSdhCgAaNx4AaABAg,yTL9OUFgYI8,https://www.youtube.com/watch?v=yTL9OUFgYI8,Бриджертоны | Неужели я столь слепа? | Сериал 2 сезон,@ЗульфияБекбатырова,Джонатан красавчик 😍,2022-06-26T03:24:39Z,29,1,30
UgwfoqQ6IC5Oge3YzPF4AaABAg,yTL9OUFgYI8,https://www.youtube.com/watch?v=yTL9OUFgYI8,Бриджертоны | Неужели я столь слепа? | Сериал 2 сезон,@ОлесяСавотина,"Смешно смотреть,сценаристам не стремно?",2023-04-23T21:37:36Z,12,18,30
UgzO4gqk7iNhFGGdDr54AaABAg,yTL9OUFgYI8,https://www.youtube.com/watch?v=yTL9OUFgYI8,Бриджертоны | Неужели я столь слепа? | Сериал 2 сезон,@ГаЛлоЧкаДляСебЯ,"Актрисы конечно красивы, но про какое время сюжет, что за года, век хотя бы, больше похоже на современность 🙄",2023-03-23T06:23:29Z,24,3,27
UgxqBVCVT7L0a3eySV14AaABAg,yTL9OUFgYI8,https://www.youtube.com/watch?v=yTL9OUFgYI8,Бриджертоны | Неужели я столь слепа? | Сериал 2 сезон,@ФаридаУзденова-б3ш,"Странно все это...вплоть до 20 в. Британия чморила Индию, а тут такое прям себе равноправие",2023-04-25T04:59:38Z,22,5,27
UgxYvcrYRZO0ynnf-7N4AaABAg,yTL9OUFgYI8,https://www.youtube.com/watch?v=yTL9OUFgYI8,Бриджертоны | Неужели я столь слепа? | Сериал 2 сезон,@ТатьянаУхань-з6р,Интересно продолжение будет???? Сериал надо смотреть 👍👍👍,2022-07-05T21:20:44Z,16,5,21
Ugx1J3e8kV4LJ1E6vUZ4AaABAg,yTL9OUFgYI8,https://www.youtube.com/watch?v=yTL9OUFgYI8,Бриджертоны | Неужели я столь слепа? | Сериал 2 сезон,@зззз1,"Пофиг на разноцветный состав. Сама ситуация игра абсурдны, бесят. Ни романтика а воечение, которое они типа не в силах скрывать, сего от аристократов лондонский тех веков ожидаешь куда меньше, чем другой цыет кожи. Да и красавицу нашли, вызывающую такую реакцию мужчину, ни красотой ни характером, моральными принципами непривлекательна эта героиня. Тупо американский стиль :""я не такая как вы аиистократы, ябедная, но гордая, и вас за людей не считаю так, как я это я... и я совсем не хочу вашу жизнь, богатство статус и прочее, так не хочу аж синею и таращу глаза, чтобы показать свое презрение.😂😁",2023-04-18T12:13:48Z,20,1,21
UgwfkIOpQDpigWEmRcZ4AaABAg,yTL9OUFgYI8,https://www.youtube.com/watch?v=yTL9OUFgYI8,Бриджертоны | Неужели я столь слепа? | Сериал 2 сезон,@KaterEra,"Да это не повесточка, это альтернативная история, такой жанр существует уже достаточно давно чтобы знать о нем, если вы, конечно, читаете что-то помимо газет. Ноль причин предъявлять за цвет кожи.",2023-05-07T02:49:59Z,20,0,20
Ugyz19PtLAFThaXMQ4h4AaABAg,yTL9OUFgYI8,https://www.youtube.com/watch?v=yTL9OUFgYI8,Бриджертоны | Неужели я столь слепа? | Сериал 2 сезон,@maximuvarskii6771,Не было раньше такой загорелой кожи. Это считалось признаком бедности.,2023-04-01T13:37:12Z,17,2,19
UgxCa4AwexL8zzb59qR4AaABAg,yTL9OUFgYI8,https://www.youtube.com/watch?v=yTL9OUFgYI8,Бриджертоны | Неужели я столь слепа? | Сериал 2 сезон,@zvuk_k,а можно бригаду?,2023-02-20T20:39:20Z,11,6,17
UgymB4HTqxlRoNq0zKd4AaABAg,yTL9OUFgYI8,https://www.youtube.com/watch?v=yTL9OUFgYI8,Бриджертоны | Неужели я столь слепа? | Сериал 2 сезон,@ellenam1990,Столько нацистов и рассистов в комментариях 🤦‍♀️ Актрисы очень красивые и приятные!,2023-04-24T17:19:28Z,10,5,15
Ugxhj5S6rrTH6TWMlUF4AaABAg,yTL9OUFgYI8,https://www.youtube.com/watch?v=yTL9OUFgYI8,Бриджертоны | Неужели я столь слепа? | Сериал 2 сезон,@СараД-ы7ы,"Мне не волнует цвет кожи,потому что с самого начала сказали, что это не исторический сериал ,это фантазия на тему. Все, ноль влпросов, это не темнокодая Клеопатра в ""достоверном историческом фильме""",2024-05-19T06:45:44Z,14,0,14
Ugw5tdfDYLorz5EJ1jZ4AaABAg,yTL9OUFgYI8,https://www.youtube.com/watch?v=yTL9OUFgYI8,Бриджертоны | Неужели я столь слепа? | Сериал 2 сезон,@soulmy7912,"Я не поняла,можете объяснить?)",2022-05-16T21:25:53Z,10,3,13
UgyVLm3IIBe-BbT7HUR4AaABAg,yTL9OUFgYI8,https://www.youtube.com/watch?v=yTL9OUFgYI8,Бриджертоны | Неужели я столь слепа? | Сериал 2 сезон,@ЛарисаОлейник-х9д,"Ну люди не наместе!!!! Придумали бы сериал про Индию интересный , про Африку. Ермака может Уил Смит сыграет или племя аборигенов  пусть Машков, Миронов, Харатьян сыграет. И ненадо мне про расизм!!!",2023-04-02T19:04:11Z,11,2,13
UgzSb42kj9gERZ9KTsR4AaABAg,yTL9OUFgYI8,https://www.youtube.com/watch?v=yTL9OUFgYI8,Бриджертоны | Неужели я столь слепа? | Сериал 2 сезон,@sofpavia,"Мой самый любимы сериал, сыграли все просто великолепно, аж дух захватывает🦋",2024-03-17T19:07:29Z,11,0,11
Ugye7SrGEXDGTboHz594AaABAg,yTL9OUFgYI8,https://www.youtube.com/watch?v=yTL9OUFgYI8,Бриджертоны | Неужели я столь слепа? | Сериал 2 сезон,@BlueSky-nc8bn,Как же дико смотреть на эту картину,2023-04-23T06:44:38Z,11,0,11
Ugz-24Q8bVjOSzkZ5Rx4AaABAg,yTL9OUFgYI8,https://www.youtube.com/watch?v=yTL9OUFgYI8,Бриджертоны | Неужели я столь слепа? | Сериал 2 сезон,@zenaz6464,Чернокожая европейская аристократия выносит странно конечно,2023-04-21T19:53:45Z,11,0,11
UgzRRbb_seRRN4w7q8J4AaABAg,yTL9OUFgYI8,https://www.youtube.com/watch?v=yTL9OUFgYI8,Бриджертоны | Неужели я столь слепа? | Сериал 2 сезон,@sepovsasha,"Задолбали эти толерасты, не пускайте такой шлак на экраны",2023-04-18T06:57:30Z,11,0,11
UgzNzooroaEWJE9pgM14AaABAg,yTL9OUFgYI8,https://www.youtube.com/watch?v=yTL9OUFgYI8,Бриджертоны | Неужели я столь слепа? | Сериал 2 сезон,@АидаПояркова,"Сделайте, пожалуйста, нарезки всех его взглядов на неё ❤",2023-04-16T20:00:04Z,10,0,10
UgwbNvoFVl0SgXqmXyZ4AaABAg,yTL9OUFgYI8,https://www.youtube.com/watch?v=yTL9OUFgYI8,Бриджертоны | Неужели я столь слепа? | Сериал 2 сезон,@user-vo1hk3hu2n,"Хреновина конечно, смотрится нелепо и бездарно",2023-04-22T08:24:59Z,10,0,10
UgzM9fH0vjYhUeuk3MV4AaABAg,yTL9OUFgYI8,https://www.youtube.com/watch?v=yTL9OUFgYI8,Бриджертоны | Неужели я столь слепа? | Сериал 2 сезон,@по_следам_предков,Так подобрали похожих  актрис сестёр,2023-04-18T07:26:20Z,8,0,8
Ugzd1TVxNUphCTWQ1bd4AaABAg,yTL9OUFgYI8,https://www.youtube.com/watch?v=yTL9OUFgYI8,Бриджертоны | Неужели я столь слепа? | Сериал 2 сезон,@Ahsoka,"Это не документальный фильм об англии того времени, а художественное произведение основанное на книге, рассказывающее об альтернативном Лондоне. можете уже успокоится, а если так достала толерантность просто не смотрите",2023-05-19T03:50:22Z,7,1,8
Ugw9mKNUpfiQ7181qXF4AaABAg,yTL9OUFgYI8,https://www.youtube.com/watch?v=yTL9OUFgYI8,Бриджертоны | Неужели я столь слепа? | Сериал 2 сезон,@BenimAdm-pw3yp,Актеры конечно красивые. Но эта толерантность смотрится нелепо в данной обстановке.,2023-04-28T04:49:26Z,8,0,8
Ugztp0OrLGxiMx5LyC14AaABAg,yTL9OUFgYI8,https://www.youtube.com/watch?v=yTL9OUFgYI8,Бриджертоны | Неужели я столь слепа? | Сериал 2 сезон,@aisha6425,Можно пожалуйста название песни?,2022-05-29T10:30:39Z,5,1,6
UgxT6wIPUy3_J0HyvEV4AaABAg,yTL9OUFgYI8,https://www.youtube.com/watch?v=yTL9OUFgYI8,Бриджертоны | Неужели я столь слепа? | Сериал 2 сезон,@ИраИра-л3ь,Негритята такие смешные в европейских платьях😂,2023-04-20T08:40:56Z,5,1,6
UgzbPpkHbkriw9pF5oh4AaABAg,yTL9OUFgYI8,https://www.youtube.com/watch?v=yTL9OUFgYI8,Бриджертоны | Неужели я столь слепа? | Сериал 2 сезон,@ТатьянаКрутилова-к6у,"Как они замечательно сыграли влюблённых, все эти взгляды, неловкость, паузы ❤",2025-10-11T19:12:51Z,5,0,5
Ugxq2OELln4xL9pcoal4AaABAg,yTL9OUFgYI8,https://www.youtube.com/watch?v=yTL9OUFgYI8,Бриджертоны | Неужели я столь слепа? | Сериал 2 сезон,@naziraryskulbekova4668,❤ все сезон посмотрела жду 3 но этот сезон был шедевр 😊,2023-05-06T09:44:35Z,5,0,5
Ugx3VOgYie3uvKo3tTt4AaABAg,yTL9OUFgYI8,https://www.youtube.com/watch?v=yTL9OUFgYI8,Бриджертоны | Неужели я столь слепа? | Сериал 2 сезон,@traumerin4687,"Мне так было жаль Эдвину, как плохо они с ней поступили! Такое унижение и предательство тяжело пережить и простить. Никогда уже отношения между сестрами не будут прежними, но это в реальной жизни. Тут все счастливы и живут как ни в чем не бывало. 
Поэтому мне история Кейт и Энтони совсем не понравилась",2024-04-30T04:33:13Z,4,1,5
UgyQT91qQuCv9xlXESp4AaABAg,yTL9OUFgYI8,https://www.youtube.com/watch?v=yTL9OUFgYI8,Бриджертоны | Неужели я столь слепа? | Сериал 2 сезон,@АльмираРайс,"Какого лешего негритянки в платьях? Они про Россию что ли снимают? Так у нас один Ганнибал был, да его дети были аристократами богатыми и черными.",2023-04-26T05:25:11Z,4,1,5
Ugxf950j-6xkjOWOlU14AaABAg,yTL9OUFgYI8,https://www.youtube.com/watch?v=yTL9OUFgYI8,Бриджертоны | Неужели я столь слепа? | Сериал 2 сезон,@МаринаКузнецова-ф3е,"Считайте меня нацисткой, но не могу понять зачем вписывать цветных в исторические фильмы. Ведь в те времена максимум на что могли рассчитывать индусы, индейцы (эти и до сих пор ни на что не могут рассчитывать), негры это роль экзотических любимцев/прислуги, были конечно исключения, подтверждающие правила. Смешно смотреть на несоответствующие эпохе цвета костюмов (ага-ага платьишко цвета бешенной лососины) и материалы, из которых пошиты костюмы, самодеятельность какая-то. Это считается проявлением уважения, но к кому? К предствителям другой расы? Вряд ли. К зрителю тоже в общем-то неуважение. Написали бы больше сценариев, в которых могли бы играть актеры других рас, но в которых они были бы органичны.",2023-04-28T19:18:37Z,3,2,5
Ugx7Q21dYQPctuSTsrN4AaABAg,yTL9OUFgYI8,https://www.youtube.com/watch?v=yTL9OUFgYI8,Бриджертоны | Неужели я столь слепа? | Сериал 2 сезон,@annavugman9956,"На роли в этот сериал выбирали не по цвету кожи, а по таланту. Это было концепцией создателей сериала! Им был важен талант, а не расса.",2025-07-27T11:05:15Z,4,0,4
Ugzfb2ycmEbW4jKJjp54AaABAg,yTL9OUFgYI8,https://www.youtube.com/watch?v=yTL9OUFgYI8,Бриджертоны | Неужели я столь слепа? | Сериал 2 сезон,@blackbangtan3077,Как называется музыка,2022-07-20T20:06:48Z,4,0,4
UgwdkXeRRr5N6AhbxJ54AaABAg,yTL9OUFgYI8,https://www.youtube.com/watch?v=yTL9OUFgYI8,Бриджертоны | Неужели я столь слепа? | Сериал 2 сезон,@Tatyana847,Так как называется сериал то?,2023-05-01T04:13:34Z,0,4,4
Ugxx_Osn1ZMjYVy0Rdp4AaABAg,yTL9OUFgYI8,https://www.youtube.com/watch?v=yTL9OUFgYI8,Бриджертоны | Неужели я столь слепа? | Сериал 2 сезон,@Littie-b5z,Ох уж эта парочка😂,2024-07-06T15:14:04Z,3,0,3
Ugy5u-QRY8msAaTo7oR4AaABAg,yTL9OUFgYI8,https://www.youtube.com/watch?v=yTL9OUFgYI8,Бриджертоны | Неужели я столь слепа? | Сериал 2 сезон,@onlyangel5576,Второй ещё не посмотрела и Ведьмака 2 сезон тоже ещё не смотрела,2022-07-12T16:13:52Z,3,0,3
Ugz5FNI2qE_8JLaBo5x4AaABAg,yTL9OUFgYI8,https://www.youtube.com/watch?v=yTL9OUFgYI8,Бриджертоны | Неужели я столь слепа? | Сериал 2 сезон,@yla613,Фарс,2023-04-15T08:44:48Z,3,0,3
UgyFygMwPrWD7vExu2p4AaABAg,yTL9OUFgYI8,https://www.youtube.com/watch?v=yTL9OUFgYI8,Бриджертоны | Неужели я столь слепа? | Сериал 2 сезон,@natalyakolmakova2468,к чему такие эмоции),2022-07-06T21:38:46Z,3,0,3
UgzZdyvu9Vp57EWzWB94AaABAg,yTL9OUFgYI8,https://www.youtube.com/watch?v=yTL9OUFgYI8,Бриджертоны | Неужели я столь слепа? | Сериал 2 сезон,@Di-and-doc,"Век таких ""слепых""людей сейчас( только гаджеты в руках)",2022-07-15T15:15:19Z,3,0,3
UgwdBvUrG1XLu6l1DWt4AaABAg,yTL9OUFgYI8,https://www.youtube.com/watch?v=yTL9OUFgYI8,Бриджертоны | Неужели я столь слепа? | Сериал 2 сезон,@MsBagg,Опять чернокожие английские дворяне 😅,2023-04-25T17:48:49Z,3,0,3
UgzKejERKMIsWo53NuN4AaABAg,yTL9OUFgYI8,https://www.youtube.com/watch?v=yTL9OUFgYI8,Бриджертоны | Неужели я столь слепа? | Сериал 2 сезон,@MsBagg,Сериал абсурда,2023-04-25T17:58:15Z,3,0,3
UgxWg0s8WLqbk4w9bnB4AaABAg,yTL9OUFgYI8,https://www.youtube.com/watch?v=yTL9OUFgYI8,Бриджертоны | Неужели я столь слепа? | Сериал 2 сезон,@НапувКазаналиева,Но какая она красивая ❤,2024-05-14T15:34:20Z,2,0,2
UgyRn5K1PgHiJIdQTBt4AaABAg,yTL9OUFgYI8,https://www.youtube.com/watch?v=yTL9OUFgYI8,Бриджертоны | Неужели я столь слепа? | Сериал 2 сезон,@ЕленаВинокурова-ь2с,Почему они с такимцветом кожи?!🤦‍♀️,2023-04-26T20:51:37Z,2,0,2
Ugz7TfagNtIvSbd4erZ4AaABAg,yTL9OUFgYI8,https://www.youtube.com/watch?v=yTL9OUFgYI8,Бриджертоны | Неужели я столь слепа? | Сериал 2 сезон,@filkenschtein,Почему аристократы чёрные? Что за бред....,2023-04-27T14:23:04Z,1,0,1
Ugz8JUs2HnWHR-13YK14AaABAg,yTL9OUFgYI8,https://www.youtube.com/watch?v=yTL9OUFgYI8,Бриджертоны | Неужели я столь слепа? | Сериал 2 сезон,@ЛюдмилаЛюдмила-о7к,Как называется фильм?😊,2023-04-15T12:48:12Z,0,1,1
UgzIvnM09V883y0KpPh4AaABAg,yTL9OUFgYI8,https://www.youtube.com/watch?v=yTL9OUFgYI8,Бриджертоны | Неужели я столь слепа? | Сериал 2 сезон,@AltynaiBazarbaiova-h7h,Филим название пожалуйста скажите,2023-10-23T10:08:33Z,0,1,1
UgxfVhrGb-UPV1pSk8l4AaABAg,yTL9OUFgYI8,https://www.youtube.com/watch?v=yTL9OUFgYI8,Бриджертоны | Неужели я столь слепа? | Сериал 2 сезон,@maryditcher1741,😂неужели зрители так слепы ...представителей английских колоний решили сделать уважаемыми людьми? На кого это рассчитано?,2024-05-12T21:56:34Z,1,0,1
UgxvyvR9a_0HA_rm3AF4AaABAg,yTL9OUFgYI8,https://www.youtube.com/watch?v=yTL9OUFgYI8,Бриджертоны | Неужели я столь слепа? | Сериал 2 сезон,@asyasvet,Затруднит😂,2024-12-12T07:43:12Z,0,0,0
UgywP6LbY7JV-r3vcwN4AaABAg,yTL9OUFgYI8,https://www.youtube.com/watch?v=yTL9OUFgYI8,Бриджертоны | Неужели я столь слепа? | Сериал 2 сезон,@ГалинаФинк-ч8д,Насмешили до слез 😂😂😂😂,2024-05-21T14:07:39Z,0,0,0
UgzIVRkRV1MXyQAB0rh4AaABAg,yTL9OUFgYI8,https://www.youtube.com/watch?v=yTL9OUFgYI8,Бриджертоны | Неужели я столь слепа? | Сериал 2 сезон,@aselmukametjan7165,Очень интересно! Необычный! Тут всё так красиво! 😍👏🥀,2023-04-28T07:16:50Z,0,0,0
UgxKuXRxoc5jYudn1GN4AaABAg,yTL9OUFgYI8,https://www.youtube.com/watch?v=yTL9OUFgYI8,Бриджертоны | Неужели я столь слепа? | Сериал 2 сезон,@marionlash3570,"Какие там чувства, они уже давно шакалятся в кутах",2023-05-18T04:34:04Z,0,0,0
UgwNPFnT8S9b7YK2-HR4AaABAg,yTL9OUFgYI8,https://www.youtube.com/watch?v=yTL9OUFgYI8,Бриджертоны | Неужели я столь слепа? | Сериал 2 сезон,@ОльгаВоронцова-я4к,Забавно,2024-06-02T19:56:08Z,0,0,0
Ugx43GTpBjLCeICg4V94AaABAg,yTL9OUFgYI8,https://www.youtube.com/watch?v=yTL9OUFgYI8,Бриджертоны | Неужели я столь слепа? | Сериал 2 сезон,@ЛенаКасбей,"Когда принц женился на темнокожей разведенке старше себя, никого ничем не удивить",2024-06-02T04:55:26Z,0,0,0
UgyNS442xIki1HoUkm54AaABAg,yTL9OUFgYI8,https://www.youtube.com/watch?v=yTL9OUFgYI8,Бриджертоны | Неужели я столь слепа? | Сериал 2 сезон,@105e9,"Мать, а сделай обзор на Бриджертонов",2025-03-25T16:15:47Z,0,0,0
UgxUKPb7DJFTqdlcpg14AaABAg,yTL9OUFgYI8,https://www.youtube.com/watch?v=yTL9OUFgYI8,Бриджертоны | Неужели я столь слепа? | Сериал 2 сезон,@Nausicaa_5139,"Кто озвучивал собаку? 
Садитесь, два!
Корги не так тявкают.🦴🐶",2023-05-20T13:02:50Z,0,0,0
Ugw1YPPJJi4Qvy45aMB4AaABAg,yTL9OUFgYI8,https://www.youtube.com/watch?v=yTL9OUFgYI8,Бриджертоны | Неужели я столь слепа? | Сериал 2 сезон,@Наталья-о4ш3ф,Подскажите пожалуйста название❤️,2024-06-01T12:00:18Z,0,0,0
Ugw2r0OOkquj_uUKys94AaABAg,yTL9OUFgYI8,https://www.youtube.com/watch?v=yTL9OUFgYI8,Бриджертоны | Неужели я столь слепа? | Сериал 2 сезон,@dinagrabari510,Как называется песня?,2024-06-05T19:29:59Z,0,0,0
UgwOg3m8579CTYFhvCp4AaABAg,yTL9OUFgYI8,https://www.youtube.com/watch?v=yTL9OUFgYI8,Бриджертоны | Неужели я столь слепа? | Сериал 2 сезон,@LGamory,"У Пушкина дед - африканцем был. Так что забавно слушать про неисторичность. Вообще-то как раз много было африканцев и в России, и торговали с ней активно.",2024-06-22T04:52:33Z,0,0,0
UgyEtZugJuqDP-QIBId4AaABAg,yTL9OUFgYI8,https://www.youtube.com/watch?v=yTL9OUFgYI8,Бриджертоны | Неужели я столь слепа? | Сериал 2 сезон,@ОляХохлова-с6е,Бригаду,2023-04-28T10:40:26Z,0,0,0
UgzBLC47PwdsUrHcyCB4AaABAg,_T8h9OqzCzA,https://www.youtube.com/watch?v=_T8h9OqzCzA,Знакомство с семьями | Бриджертоны 1 сезон 1 серия,@ЧернаяПантера-27,Разве среди английских аристократов были негры..?))),2022-08-06T08:17:26Z,34,10,44
UgwY0gEwLNHq0GT5qA54AaABAg,_T8h9OqzCzA,https://www.youtube.com/watch?v=_T8h9OqzCzA,Знакомство с семьями | Бриджертоны 1 сезон 1 серия,@kinokadr5137,"ИЗВИНЯЮСЬ ЗА РЕКЛАМУ В ВИДЕО, НЕ ХОТЕЛ ПРОСТО ОБРЕЗАТЬ, БЫЛО БЫ НЕ КРАСИВО😅",2021-04-15T14:30:58Z,18,3,21
UgyGFp2TvyZbpEZCm0x4AaABAg,_T8h9OqzCzA,https://www.youtube.com/watch?v=_T8h9OqzCzA,Знакомство с семьями | Бриджертоны 1 сезон 1 серия,@Анжела-н5с,"Начало 19 века, афровыходцы составляют половину аристократии Англии, и сама королева, по моему из австралийского племени. Какой бред. Я понимаю американскую толерантность, но не до такой же степени 
Но сюжет сериала интересный",2023-05-20T16:18:12Z,16,1,17
UgwEPMzgeKLuDajIOVx4AaABAg,_T8h9OqzCzA,https://www.youtube.com/watch?v=_T8h9OqzCzA,Знакомство с семьями | Бриджертоны 1 сезон 1 серия,@Владлена-в2у,"1:37 звук оповещения viber , это кому-то из сестер меседж пришёл🤔🤣",2022-06-26T21:30:52Z,12,1,13
UgyHWoeOS2alJ9_ceQd4AaABAg,_T8h9OqzCzA,https://www.youtube.com/watch?v=_T8h9OqzCzA,Знакомство с семьями | Бриджертоны 1 сезон 1 серия,@РостиславАфанасьев-х7я,Кохайтеся чорнобриві та не з мо*калями.,2023-08-12T07:46:51Z,9,3,12
UgyL06k95ysdb47tuKV4AaABAg,_T8h9OqzCzA,https://www.youtube.com/watch?v=_T8h9OqzCzA,Знакомство с семьями | Бриджертоны 1 сезон 1 серия,@ЕленаСтукалова-ч7и,Прекрасный сериал для приятного времяпрепровождения.,2023-06-18T16:23:21Z,9,0,9
UgzBgo-4Yd60XPVj17J4AaABAg,_T8h9OqzCzA,https://www.youtube.com/watch?v=_T8h9OqzCzA,Знакомство с семьями | Бриджертоны 1 сезон 1 серия,@ketevankipiani358,"Я не расистка, но всему есть предел",2024-07-13T21:45:56Z,8,0,8
UgxUx2y0Gqerlsj6eeN4AaABAg,_T8h9OqzCzA,https://www.youtube.com/watch?v=_T8h9OqzCzA,Знакомство с семьями | Бриджертоны 1 сезон 1 серия,@NataliErmolaeva,"Это всё?А,где остальные серии?",2022-04-20T13:45:49Z,7,0,7
UgyhGYtHPdlD21kPsi54AaABAg,_T8h9OqzCzA,https://www.youtube.com/watch?v=_T8h9OqzCzA,Знакомство с семьями | Бриджертоны 1 сезон 1 серия,@Balhor-c6k,Спасибо за сериал. Буду смотреть.,2023-12-29T03:26:32Z,4,0,4
UgwiMKBJ6a51dDFadh94AaABAg,_T8h9OqzCzA,https://www.youtube.com/watch?v=_T8h9OqzCzA,Знакомство с семьями | Бриджертоны 1 сезон 1 серия,@АйгуляАденова,Где можно посмотреть?,2022-10-10T14:20:21Z,3,1,4
Ugymbahug82kMAbOT8p4AaABAg,_T8h9OqzCzA,https://www.youtube.com/watch?v=_T8h9OqzCzA,Знакомство с семьями | Бриджертоны 1 сезон 1 серия,@sakhaaiaegorova783,А почему на картинах 6 детей их ведь 8,2022-11-08T11:47:29Z,3,0,3
Ugy1mbUpeClgWWoZFhZ4AaABAg,_T8h9OqzCzA,https://www.youtube.com/watch?v=_T8h9OqzCzA,Знакомство с семьями | Бриджертоны 1 сезон 1 серия,@elilielli5098,Gde posmotret?,2024-04-22T10:02:56Z,1,2,3
UgxY83tM-yrEE_Ff2gR4AaABAg,_T8h9OqzCzA,https://www.youtube.com/watch?v=_T8h9OqzCzA,Знакомство с семьями | Бриджертоны 1 сезон 1 серия,@РазифаАхмадеева,Привет,2022-05-20T10:27:58Z,1,0,1
UgwrAGeY2RrqiWHPC0V4AaABAg,_T8h9OqzCzA,https://www.youtube.com/watch?v=_T8h9OqzCzA,Знакомство с семьями | Бриджертоны 1 сезон 1 серия,@ОльгаЧаленко-ь1ю,😅 0:22,2024-05-19T11:05:34Z,0,0,0
Ugy5ouwZlIGZJ5NItXR4AaABAg,_T8h9OqzCzA,https://www.youtube.com/watch?v=_T8h9OqzCzA,Знакомство с семьями | Бриджертоны 1 сезон 1 серия,@Lina-q9u,Ну и где всё,2023-12-30T11:06:06Z,0,0,0
UgzLsS21xPEV7LgX7kJ4AaABAg,_T8h9OqzCzA,https://www.youtube.com/watch?v=_T8h9OqzCzA,Знакомство с семьями | Бриджертоны 1 сезон 1 серия,@_ukraine2189,"Фильм снят по книге
Лучше книгу читать
Фильм - фантастика не реальная",2024-07-03T13:47:10Z,0,0,0
UgweOofXyFsGls0GPZl4AaABAg,_T8h9OqzCzA,https://www.youtube.com/watch?v=_T8h9OqzCzA,Знакомство с семьями | Бриджертоны 1 сезон 1 серия,@Галинаростова-н5з,Книга интереснее. Сериал смешной насыщенный какой то😮,2024-02-28T07:54:54Z,0,0,0
UgxrltsRHbeEwEemji54AaABAg,_T8h9OqzCzA,https://www.youtube.com/watch?v=_T8h9OqzCzA,Знакомство с семьями | Бриджертоны 1 сезон 1 серия,@jolli5238,Мне сериал не зашел,2024-09-07T14:38:38Z,0,0,0
Ugzq5Z-pxbMczOphB_t4AaABAg,_T8h9OqzCzA,https://www.youtube.com/watch?v=_T8h9OqzCzA,Знакомство с семьями | Бриджертоны 1 сезон 1 серия,@Astrasnou,"Этот сериал-троллинг американцами английской знати,средства выброшены немалые,но низкопробное и с американским душком.",2024-10-06T11:29:53Z,0,0,0
UgxEUO8eDX0qmYLEFQ54AaABAg,_T8h9OqzCzA,https://www.youtube.com/watch?v=_T8h9OqzCzA,Знакомство с семьями | Бриджертоны 1 сезон 1 серия,@user-cat-use99,"Думала норм сериальчик будет, но когда в аристократы напичкали столько черноты, это уже нельзя воспринимать как норму. Але какие черные аристократы в Лондоне 19 века?
Сериал не претендует на историческую достоверность, выступает за инклюзивность и бла бла бла, но тогда ставьте хоть жанр фантастика или дисклаймер, что с первой серии вы увидите бредятину несусветную",2025-06-27T21:50:39Z,0,0,0
UgyB-AzgY5APGjRF36x4AaABAg,sGMhrIlxGYU,https://www.youtube.com/watch?v=sGMhrIlxGYU,Beautiful момент ❤️😍Сериал: Бриджертоны 2,@Doramamamasoft,Парнишка декольте заценил конкретно 😂😂😂,2022-06-10T05:08:15Z,357,7,364
Ugw3QXOE-0agCRCK2yJ4AaABAg,sGMhrIlxGYU,https://www.youtube.com/watch?v=sGMhrIlxGYU,Beautiful момент ❤️😍Сериал: Бриджертоны 2,@bereke.meyram,"Актер, который может показать всю эмоцию своего героя глазами, не проранив ни слово- шикарен, талантлив до невозможностей",2022-10-11T18:01:45Z,251,4,255
UgywWB6fpAxp_IKkUb94AaABAg,sGMhrIlxGYU,https://www.youtube.com/watch?v=sGMhrIlxGYU,Beautiful момент ❤️😍Сериал: Бриджертоны 2,@amelimiller5294,"Кто-то:сколько раз ты это пересмотрел?
Я:Да",2022-06-08T11:02:00Z,200,2,202
UgxB9-n7fVs_DhingHt4AaABAg,sGMhrIlxGYU,https://www.youtube.com/watch?v=sGMhrIlxGYU,Beautiful момент ❤️😍Сериал: Бриджертоны 2,@darinaarkhipova8994,этот взгляд...ох кто бы на меня так смотрел),2022-06-18T18:52:17Z,97,1,98
UgwEW1wAkx6YXsADJNB4AaABAg,sGMhrIlxGYU,https://www.youtube.com/watch?v=sGMhrIlxGYU,Beautiful момент ❤️😍Сериал: Бриджертоны 2,@donna_roza_alvadorez,"Я не смотрела этот сериал, но мне безумно нравятся его эмоции☺️",2022-10-03T14:35:10Z,95,2,97
UgwgSCR1pOVYPISKusV4AaABAg,sGMhrIlxGYU,https://www.youtube.com/watch?v=sGMhrIlxGYU,Beautiful момент ❤️😍Сериал: Бриджертоны 2,@Hikkisneka_05,"Я сочувствую вам если вы думаете, что они негритянки 😂",2022-06-06T12:47:21Z,85,3,88
UgxyyEwaLdsqzbipGtB4AaABAg,sGMhrIlxGYU,https://www.youtube.com/watch?v=sGMhrIlxGYU,Beautiful момент ❤️😍Сериал: Бриджертоны 2,@ЗульфияБекбатырова,"Все комменты от русских , как я поняла🤔🤣это о многом говорит.  А актер огонь,  красавчик",2022-06-08T08:55:33Z,44,12,56
UgymFSoupmvkmy3Cp9N4AaABAg,sGMhrIlxGYU,https://www.youtube.com/watch?v=sGMhrIlxGYU,Beautiful момент ❤️😍Сериал: Бриджертоны 2,@ViiSalee,Его взгляд и её внешность🤧🔥♥️,2022-10-10T21:18:02Z,54,1,55
Ugysbb8N2nhBcl0NJmh4AaABAg,sGMhrIlxGYU,https://www.youtube.com/watch?v=sGMhrIlxGYU,Beautiful момент ❤️😍Сериал: Бриджертоны 2,@ИннаМ-н2л,Актёр играет потрясающее!,2022-10-03T02:09:49Z,53,0,53
Ugz7xmlnaApce3VStBt4AaABAg,sGMhrIlxGYU,https://www.youtube.com/watch?v=sGMhrIlxGYU,Beautiful момент ❤️😍Сериал: Бриджертоны 2,@naramamedova01,"Надоели со своим чёрные белые и все такое, я заметила только русские комментаторы на этом так зациклились. Книга же не историческая чего вы прицепились? Я столько книг читала в жанре  средневековья , не все они обязательно должны быть историческими",2022-06-21T11:07:24Z,41,5,46
UgwmuGHDKSWXau6Hihd4AaABAg,sGMhrIlxGYU,https://www.youtube.com/watch?v=sGMhrIlxGYU,Beautiful момент ❤️😍Сериал: Бриджертоны 2,@ЭльвираРамазанова-в6е,Её глаза её взгляд афигеть просто потрясающе его взгляд вообще срыв башки столько имоций и чувства желаний в доле секунд,2022-10-16T07:09:46Z,31,0,31
UgwJOeEOgr9ni-AIM1N4AaABAg,sGMhrIlxGYU,https://www.youtube.com/watch?v=sGMhrIlxGYU,Beautiful момент ❤️😍Сериал: Бриджертоны 2,@cennetaliya5140,Смотрела ...они хорошие актёры и прекрасно сыграли свои роли.. только габариты девушки меня смущали она гораздо больше выглядит чем он,2022-05-27T04:53:33Z,20,6,26
UgyO1lNTvW1PuEDUb_J4AaABAg,sGMhrIlxGYU,https://www.youtube.com/watch?v=sGMhrIlxGYU,Beautiful момент ❤️😍Сериал: Бриджертоны 2,@ТатьянаНиколина-ъ9ъ,"Мы все слепы. Как правило главная героиня ВСЁ узнаёт последней. 😂✌💃
Ага, палкой их  разгоняй, 
Но вместе будут! Так и знай.",2022-10-11T15:40:11Z,25,0,25
Ugy_n11ZpAK3b7AmOJN4AaABAg,sGMhrIlxGYU,https://www.youtube.com/watch?v=sGMhrIlxGYU,Beautiful момент ❤️😍Сериал: Бриджертоны 2,@milenaakm2709,В комментариях борцы с нацизмом,2022-06-11T10:22:31Z,17,0,17
UgzJXIPtGObNPDi0EOV4AaABAg,sGMhrIlxGYU,https://www.youtube.com/watch?v=sGMhrIlxGYU,Beautiful момент ❤️😍Сериал: Бриджертоны 2,@Samagatde-p5l,"Охх, а момент с пчелой  ещё круче 🙈",2022-10-11T10:32:35Z,15,0,15
Ugzy-cRs5876IIe_0394AaABAg,sGMhrIlxGYU,https://www.youtube.com/watch?v=sGMhrIlxGYU,Beautiful момент ❤️😍Сериал: Бриджертоны 2,@МаринаЛебедева-ы5ш,А чё такое ? Чё все черные,2022-05-30T19:52:29Z,9,6,15
Ugx6SClVnPau3nfqqIJ4AaABAg,sGMhrIlxGYU,https://www.youtube.com/watch?v=sGMhrIlxGYU,Beautiful момент ❤️😍Сериал: Бриджертоны 2,@jeniajenia3353,темнокожие леди в те времена - это что-то особенного!,2022-10-14T18:39:16Z,13,0,13
UgypmKNRH_SEz6WOMp14AaABAg,sGMhrIlxGYU,https://www.youtube.com/watch?v=sGMhrIlxGYU,Beautiful момент ❤️😍Сериал: Бриджертоны 2,@ТатьянаГанюшкина-п1ц,Я через экран ощутила искру и молнии.,2022-10-16T00:02:12Z,12,0,12
UgzZuj0xGr6-3b7h4R94AaABAg,sGMhrIlxGYU,https://www.youtube.com/watch?v=sGMhrIlxGYU,Beautiful момент ❤️😍Сериал: Бриджертоны 2,@olqam2444,Не помню чтобы белые негров без грима играли.,2022-06-07T13:36:44Z,6,5,11
Ugw70HTxBF6U_7fV9rh4AaABAg,sGMhrIlxGYU,https://www.youtube.com/watch?v=sGMhrIlxGYU,Beautiful момент ❤️😍Сериал: Бриджертоны 2,@qwerty6572,Такая красивая актриса,2022-10-13T18:43:50Z,9,0,9
Ugx6vnf4I4R7-jx2FjF4AaABAg,sGMhrIlxGYU,https://www.youtube.com/watch?v=sGMhrIlxGYU,Beautiful момент ❤️😍Сериал: Бриджертоны 2,@РозаРябошапка-г6ф,В то время черные только на плантациях были.,2022-09-30T16:21:55Z,4,5,9
UgyjPVDN_e25GfyyVZV4AaABAg,sGMhrIlxGYU,https://www.youtube.com/watch?v=sGMhrIlxGYU,Beautiful момент ❤️😍Сериал: Бриджертоны 2,@larisaivanova78,Негры аристркраты🤣🤣,2022-06-19T08:59:53Z,6,0,6
UgyMxGfqIAE71bs5lwF4AaABAg,sGMhrIlxGYU,https://www.youtube.com/watch?v=sGMhrIlxGYU,Beautiful момент ❤️😍Сериал: Бриджертоны 2,@Темная_ЛисаАрт,А они будут вместе?,2022-06-12T15:10:39Z,4,1,5
UgwBgd_-y9sHP_9wLYh4AaABAg,sGMhrIlxGYU,https://www.youtube.com/watch?v=sGMhrIlxGYU,Beautiful момент ❤️😍Сериал: Бриджертоны 2,@zoyam8542,"Только из-за него хочется смотреть!!!! Красавчик. Если бы они добавили немножко фентези или стимпанка. Можно было бы писать, что это альтернативная вселенная. Где ч цвета тоже были",2022-09-27T18:11:26Z,4,1,5
UgxDF8L4IGaxVI382kB4AaABAg,sGMhrIlxGYU,https://www.youtube.com/watch?v=sGMhrIlxGYU,Beautiful момент ❤️😍Сериал: Бриджертоны 2,@ГаляКорсакова-я5ю,"Простите, Индия ведь была колонией Великобритании? Как? В высшем обществе Великобритании могли появиться индианки? История про рабыню Изауру прямо...",2022-10-03T19:49:52Z,5,0,5
UgxlwGPKmweR1OI_0oV4AaABAg,sGMhrIlxGYU,https://www.youtube.com/watch?v=sGMhrIlxGYU,Beautiful момент ❤️😍Сериал: Бриджертоны 2,@isamstay,"Что постоянно не так с русскими? Вместо того, чтобы фильм обсуждать, они опять перешли на внешность. 🤦🏾‍♀️😂. Обычно, такое узкое мышление стараются скрыть, чтоб не позориться, але 🤣🤣🤣",2022-10-16T07:57:05Z,4,1,5
UgwBt1xdSdvCCu7L8ut4AaABAg,sGMhrIlxGYU,https://www.youtube.com/watch?v=sGMhrIlxGYU,Beautiful момент ❤️😍Сериал: Бриджертоны 2,@otasining_etim_qizi,"То чувство, когда ты похожа на гл героиню😂😂😂😂 надо мужу показать этот сериал чтоб знал😂😂",2022-10-15T18:34:26Z,3,0,3
Ugwgsb3mxNNKkFlEIpF4AaABAg,sGMhrIlxGYU,https://www.youtube.com/watch?v=sGMhrIlxGYU,Beautiful момент ❤️😍Сериал: Бриджертоны 2,@Юлия-ф7я,"Не смотрела сериал, почему другая девушка так расстроилась и почему им сказали держаться подальше друг от друга?",2022-10-10T13:30:22Z,1,2,3
UgxT293h7NEihYxyGEZ4AaABAg,sGMhrIlxGYU,https://www.youtube.com/watch?v=sGMhrIlxGYU,Beautiful момент ❤️😍Сериал: Бриджертоны 2,@30yuric,Загар на английских леди?,2022-10-15T01:01:26Z,3,0,3
Ugx_jWxyhHK8Bbmgef14AaABAg,sGMhrIlxGYU,https://www.youtube.com/watch?v=sGMhrIlxGYU,Beautiful момент ❤️😍Сериал: Бриджертоны 2,@user-vo1hk3hu2n,Так нелепо смотрится темнокожая аристократия...Зачем этот бред,2022-10-10T13:18:11Z,3,0,3
UgwZCpFdJFw7gDEGG-B4AaABAg,sGMhrIlxGYU,https://www.youtube.com/watch?v=sGMhrIlxGYU,Beautiful момент ❤️😍Сериал: Бриджертоны 2,@BAS_LISK,"Почемв она афроамериканка, а черты лиыа МАКСИМАЛЬНО ЕВРОПЕЙСКИЕ. Такого НЕ бывает!!!!!😡",2022-10-11T17:31:35Z,0,3,3
UgyD1gou3t0STJMyoht4AaABAg,sGMhrIlxGYU,https://www.youtube.com/watch?v=sGMhrIlxGYU,Beautiful момент ❤️😍Сериал: Бриджертоны 2,@WhiteDragon_88,Это фентези альтернатив сериал?,2022-10-15T04:57:27Z,1,1,2
UgzbnzGDdm1zROgh_Gx4AaABAg,sGMhrIlxGYU,https://www.youtube.com/watch?v=sGMhrIlxGYU,Beautiful момент ❤️😍Сериал: Бриджертоны 2,@tursunaiabdikadirova9549,Как называется фильм,2022-10-06T10:57:42Z,0,2,2
Ugza-6O0vMyB0Rhh6D14AaABAg,sGMhrIlxGYU,https://www.youtube.com/watch?v=sGMhrIlxGYU,Beautiful момент ❤️😍Сериал: Бриджертоны 2,@НастяБорзова-ю3т,"В этом сериале много темнокожих ( не подумайте, я не расистка). Это какая-то антирассисская политика?",2022-10-11T19:02:00Z,1,1,2
Ugwp_mDfAUgJErXKbUd4AaABAg,sGMhrIlxGYU,https://www.youtube.com/watch?v=sGMhrIlxGYU,Beautiful момент ❤️😍Сериал: Бриджертоны 2,@rpwns2162,❤😊,2022-10-15T19:53:54Z,1,0,1
UgxEP6nVBgGfCjp4J814AaABAg,sGMhrIlxGYU,https://www.youtube.com/watch?v=sGMhrIlxGYU,Beautiful момент ❤️😍Сериал: Бриджертоны 2,@ИванСтаровойтов-ъ6р,Какая серия?,2022-06-10T11:54:04Z,0,1,1
UgzwJIzcp1UxM6PCK-J4AaABAg,sGMhrIlxGYU,https://www.youtube.com/watch?v=sGMhrIlxGYU,Beautiful момент ❤️😍Сериал: Бриджертоны 2,@ЭльвираРамазанова-в6е,Я просто умоляю скажите пожалуйста название фильма умоляю,2022-10-16T07:10:07Z,0,1,1
UgzcPcAxzuc1Gze6oWp4AaABAg,sGMhrIlxGYU,https://www.youtube.com/watch?v=sGMhrIlxGYU,Beautiful момент ❤️😍Сериал: Бриджертоны 2,@Aleksisjat,Какая это серия?,2022-09-25T08:44:58Z,0,1,1
UgwCdpAvqQ_Pi2s6orp4AaABAg,sGMhrIlxGYU,https://www.youtube.com/watch?v=sGMhrIlxGYU,Beautiful момент ❤️😍Сериал: Бриджертоны 2,@user-Homka-94,Что это за фильм?,2022-09-30T20:45:05Z,0,1,1
Ugw01L_k5ZxOgu2Ytdp4AaABAg,sGMhrIlxGYU,https://www.youtube.com/watch?v=sGMhrIlxGYU,Beautiful момент ❤️😍Сериал: Бриджертоны 2,@linatrukhina7541,Почему смуглокожие играют высший свет?..,2022-10-17T07:31:19Z,1,0,1
Ugxr6I4L1c8Sa_wvGKN4AaABAg,sGMhrIlxGYU,https://www.youtube.com/watch?v=sGMhrIlxGYU,Beautiful момент ❤️😍Сериал: Бриджертоны 2,@tinchik123ft,Как фильм называется?,2022-10-05T00:20:24Z,0,1,1
Ugyxp5Y5UkuFITwTVv54AaABAg,sGMhrIlxGYU,https://www.youtube.com/watch?v=sGMhrIlxGYU,Beautiful момент ❤️😍Сериал: Бриджертоны 2,@ПарвинаТурабекова-в6к,Как называется фильм,2022-10-18T16:05:28Z,0,1,1
Ugx3to98TPdQ4pnHXip4AaABAg,sGMhrIlxGYU,https://www.youtube.com/watch?v=sGMhrIlxGYU,Beautiful момент ❤️😍Сериал: Бриджертоны 2,@tanyanastas9655,Как называется фильм?,2022-10-14T20:12:12Z,0,1,1
UgwMTUoFJ3EuFMxZaDJ4AaABAg,sGMhrIlxGYU,https://www.youtube.com/watch?v=sGMhrIlxGYU,Beautiful момент ❤️😍Сериал: Бриджертоны 2,@ИннР,Это единственный сериал который я хочу пересмотреть 😂,2025-10-08T16:54:06Z,0,0,0
Ugxee9TD8v6YOL9-Z8p4AaABAg,sGMhrIlxGYU,https://www.youtube.com/watch?v=sGMhrIlxGYU,Beautiful момент ❤️😍Сериал: Бриджертоны 2,@kamari__1995,Меня убивает их  реакция 😂😂😂,2024-12-08T07:03:49Z,0,0,0
UgwvKX44D-xiUb819R14AaABAg,sGMhrIlxGYU,https://www.youtube.com/watch?v=sGMhrIlxGYU,Beautiful момент ❤️😍Сериал: Бриджертоны 2,@ЗуляБек-й1ы,мой любимый Джонатан Бэйли. Обожаю,2024-12-04T19:10:20Z,0,0,0
Ugwi5p-C3DSEPjHG8gp4AaABAg,sGMhrIlxGYU,https://www.youtube.com/watch?v=sGMhrIlxGYU,Beautiful момент ❤️😍Сериал: Бриджертоны 2,@КамилаНарзуллаева,Ну и насмотрелся,2022-10-12T07:07:48Z,0,0,0
UgzzSevVlcJiHojeJLV4AaABAg,sGMhrIlxGYU,https://www.youtube.com/watch?v=sGMhrIlxGYU,Beautiful момент ❤️😍Сериал: Бриджертоны 2,@raiana28,Этих актрисочек чем замазывали ?,2022-10-11T15:20:40Z,0,0,0
UgxLdMPY2ugeGnfCnb54AaABAg,sGMhrIlxGYU,https://www.youtube.com/watch?v=sGMhrIlxGYU,Beautiful момент ❤️😍Сериал: Бриджертоны 2,@Eva4ka735,Актер гей. Жаль 😊,2024-02-19T13:29:21Z,0,0,0
UgyQj-4nrNNrpmU4ru94AaABAg,sGMhrIlxGYU,https://www.youtube.com/watch?v=sGMhrIlxGYU,Beautiful момент ❤️😍Сериал: Бриджертоны 2,@ЛюбовьАндрейчук-х1з,"В то время темнокожие не были в высшем свете, так что они тут что-то загнули.",2022-10-15T10:30:40Z,0,0,0
UgyuUCx6JlXAtpQhq3l4AaABAg,DSXZw_Nojvg,https://www.youtube.com/watch?v=DSXZw_Nojvg,Бриджертоны в полном составе 💕 3 сезон 🌿 #serial #tvserial #bridgerton #kathony #spring,@ЭльнараФахретдинова,"Дафны нет,так что не все,хотя она Гастингс,а вы не знаете почему актер,играющий герцога не участвовал ни во,ни в 3 сезоне",2024-05-21T18:53:07Z,66,9,75
Ugw500PL271A8duuRTh4AaABAg,DSXZw_Nojvg,https://www.youtube.com/watch?v=DSXZw_Nojvg,Бриджертоны в полном составе 💕 3 сезон 🌿 #serial #tvserial #bridgerton #kathony #spring,@ЕкатеринаИгоревна-ш5б,"Вчера начала пересматривать и параллельно Королеву Шарлотту смотрю. Нравится, ну вот что ты сделаешь😂для меня это вкусное кино😊",2024-05-22T07:42:20Z,35,3,38
UgwHPmGtsfFTgI6rBux4AaABAg,DSXZw_Nojvg,https://www.youtube.com/watch?v=DSXZw_Nojvg,Бриджертоны в полном составе 💕 3 сезон 🌿 #serial #tvserial #bridgerton #kathony #spring,@ЭмилияЛин,Что уже вышло что ли??,2024-05-15T18:41:09Z,3,8,11
UgzPx3WHbp6hYSVyS7R4AaABAg,DSXZw_Nojvg,https://www.youtube.com/watch?v=DSXZw_Nojvg,Бриджертоны в полном составе 💕 3 сезон 🌿 #serial #tvserial #bridgerton #kathony #spring,@ЕкатеринаРодионова-л8э,1D 💚💙🇨🇮💛❤️,2024-05-21T19:48:47Z,6,0,6
Ugyx9ET9ppw5CYPs9t14AaABAg,DSXZw_Nojvg,https://www.youtube.com/watch?v=DSXZw_Nojvg,Бриджертоны в полном составе 💕 3 сезон 🌿 #serial #tvserial #bridgerton #kathony #spring,@sevararaj,"Что это была за песня, не могу вспомнить 😅",2024-05-21T18:25:11Z,5,1,6
UgxxcUCrhBKauDzopax4AaABAg,DSXZw_Nojvg,https://www.youtube.com/watch?v=DSXZw_Nojvg,Бриджертоны в полном составе 💕 3 сезон 🌿 #serial #tvserial #bridgerton #kathony #spring,@Амина-ч9е5д,"А я не поняла, что случилось с мужем сестры, он куда-то ушёл, пропал.",2024-05-20T14:52:40Z,3,3,6
Ugw53Nl5org22lB_Xv14AaABAg,DSXZw_Nojvg,https://www.youtube.com/watch?v=DSXZw_Nojvg,Бриджертоны в полном составе 💕 3 сезон 🌿 #serial #tvserial #bridgerton #kathony #spring,@sierrasdecordoba3689,Bridgerton 3 Amo la pareja de Colin y Pen #Polin ❤❤❤❤❤❤❤,2024-05-24T15:10:34Z,5,0,5
UgzUpMM-KxXc4Sahzy94AaABAg,DSXZw_Nojvg,https://www.youtube.com/watch?v=DSXZw_Nojvg,Бриджертоны в полном составе 💕 3 сезон 🌿 #serial #tvserial #bridgerton #kathony #spring,@ВалерияНоскова-и8ы,Уже все серии вышли?,2024-05-20T16:59:26Z,3,1,4
Ugxi9DAqlZ94ljn6_kZ4AaABAg,DSXZw_Nojvg,https://www.youtube.com/watch?v=DSXZw_Nojvg,Бриджертоны в полном составе 💕 3 сезон 🌿 #serial #tvserial #bridgerton #kathony #spring,@ВалерияНоскова-и8ы,Уже все серии вышли?,2024-05-20T16:59:47Z,1,3,4
UgzaXDaIRFCv9h4LvNR4AaABAg,DSXZw_Nojvg,https://www.youtube.com/watch?v=DSXZw_Nojvg,Бриджертоны в полном составе 💕 3 сезон 🌿 #serial #tvserial #bridgerton #kathony #spring,@lizakonopleva3684,Я уже по ним скучаю❤,2024-12-15T05:07:11Z,1,1,2
UgxpAGSr1reyje3TVX94AaABAg,DSXZw_Nojvg,https://www.youtube.com/watch?v=DSXZw_Nojvg,Бриджертоны в полном составе 💕 3 сезон 🌿 #serial #tvserial #bridgerton #kathony #spring,@ОльгаИванова-о9к,А разноцветные по новой моде?,2024-05-23T07:17:15Z,0,2,2
UgxMSiKk_sg4JIFNEM94AaABAg,DSXZw_Nojvg,https://www.youtube.com/watch?v=DSXZw_Nojvg,Бриджертоны в полном составе 💕 3 сезон 🌿 #serial #tvserial #bridgerton #kathony #spring,@ОлесяКузнецова-г9ж,А можно узнать название сериала?,2024-05-23T16:43:33Z,0,1,1
UgxtpHEDD85NjpuWGRl4AaABAg,DSXZw_Nojvg,https://www.youtube.com/watch?v=DSXZw_Nojvg,Бриджертоны в полном составе 💕 3 сезон 🌿 #serial #tvserial #bridgerton #kathony #spring,@кто-то.7,"актрису, игравшую дафна 1 сезона, я так понимаю, поменяли? или что?",2024-10-18T21:04:04Z,0,1,1
Ugxn3xfMKNvc5HpCWmx4AaABAg,KBa08Y5dmvQ,https://www.youtube.com/watch?v=KBa08Y5dmvQ,Пен изменила имидж и стала намного счастливее ✨ #serial #bridgerton #bridgertonseason3 #бриджертоны,@orngtlp,"Это не только про имидж, но и про сепарацию от мамы. Сама выбирает наряды, сама принимает решения. Наша девочка выросла ❤",2025-05-20T20:24:00Z,226,0,226
Ugx5yKSxHPY_cKWvI654AaABAg,KBa08Y5dmvQ,https://www.youtube.com/watch?v=KBa08Y5dmvQ,Пен изменила имидж и стала намного счастливее ✨ #serial #bridgerton #bridgertonseason3 #бриджертоны,@ОльгаИванова-о9к,"Украшения у нее шикарные, она сама красотка, но украшения- это вообще что-то особенное.",2024-06-03T13:58:06Z,154,0,154
UgwDSJ6UwTjW7iF1zM94AaABAg,KBa08Y5dmvQ,https://www.youtube.com/watch?v=KBa08Y5dmvQ,Пен изменила имидж и стала намного счастливее ✨ #serial #bridgerton #bridgertonseason3 #бриджертоны,@saury1208,Она просто шикарна в этом сезоне.❤❤❤,2024-06-12T21:07:25Z,59,8,67
UgxUDr8E6E5GEFIBp394AaABAg,KBa08Y5dmvQ,https://www.youtube.com/watch?v=KBa08Y5dmvQ,Пен изменила имидж и стала намного счастливее ✨ #serial #bridgerton #bridgertonseason3 #бриджертоны,@МухтабарТоштамова,Она крассивая. .Не  крассивых  женщин  не  бывает.,2024-06-01T16:53:45Z,26,1,27
UgyFZ3oX65mnJdLRMbB4AaABAg,KBa08Y5dmvQ,https://www.youtube.com/watch?v=KBa08Y5dmvQ,Пен изменила имидж и стала намного счастливее ✨ #serial #bridgerton #bridgertonseason3 #бриджертоны,@gorgeousannie3931,Во всех цветах она красотка,2025-05-08T18:11:20Z,15,0,15
UgzyG5rK4cyVWQwT6uF4AaABAg,KBa08Y5dmvQ,https://www.youtube.com/watch?v=KBa08Y5dmvQ,Пен изменила имидж и стала намного счастливее ✨ #serial #bridgerton #bridgertonseason3 #бриджертоны,@Любсик-и3н,"Мне нравится этот сериал, но многовато постельных сцен, а я бы хотела посмотреть его со своими дочками, но такое с детьми не посмотришь😮.",2025-08-18T07:47:51Z,5,2,7
UgyFVeZDsiFs6-OEGwt4AaABAg,KBa08Y5dmvQ,https://www.youtube.com/watch?v=KBa08Y5dmvQ,Пен изменила имидж и стала намного счастливее ✨ #serial #bridgerton #bridgertonseason3 #бриджертоны,@СветланаИванова-т8ю,"Хорошенькая такая, милая",2024-07-14T12:50:43Z,6,0,6
UgzCGYSXOP-lCmLfYZt4AaABAg,KBa08Y5dmvQ,https://www.youtube.com/watch?v=KBa08Y5dmvQ,Пен изменила имидж и стала намного счастливее ✨ #serial #bridgerton #bridgertonseason3 #бриджертоны,@AlinaPoleshko,sincere and honest ❤,2024-06-19T23:36:44Z,4,1,5
UgzFaxzhIMdBKjDX9hF4AaABAg,KBa08Y5dmvQ,https://www.youtube.com/watch?v=KBa08Y5dmvQ,Пен изменила имидж и стала намного счастливее ✨ #serial #bridgerton #bridgertonseason3 #бриджертоны,@user-Mary1,Как же ей идет медный цвет волос ❤❤❤❤,2026-01-10T11:22:03Z,4,0,4
UgyknSd7OLMokfajUsx4AaABAg,KBa08Y5dmvQ,https://www.youtube.com/watch?v=KBa08Y5dmvQ,Пен изменила имидж и стала намного счастливее ✨ #serial #bridgerton #bridgertonseason3 #бриджертоны,@АнастасияРыбкина-л4ы,❤❤❤❤❤❤❤,2024-05-25T18:32:10Z,4,0,4
UgzSoctn3cIT0T_rS1N4AaABAg,KBa08Y5dmvQ,https://www.youtube.com/watch?v=KBa08Y5dmvQ,Пен изменила имидж и стала намного счастливее ✨ #serial #bridgerton #bridgertonseason3 #бриджертоны,@АнастасияРыбкина-л4ы,😢😮😊,2024-05-25T18:33:03Z,2,0,2
UgwgdLxqwt5_A8DxchF4AaABAg,KBa08Y5dmvQ,https://www.youtube.com/watch?v=KBa08Y5dmvQ,Пен изменила имидж и стала намного счастливее ✨ #serial #bridgerton #bridgertonseason3 #бриджертоны,@АнастасияРыбкина-л4ы,😘😘😊😚😚😚😚😚😚😚😚😚🤭,2024-05-25T18:35:10Z,1,0,1
UgwjTNZyAmWRcTxFzjd4AaABAg,KBa08Y5dmvQ,https://www.youtube.com/watch?v=KBa08Y5dmvQ,Пен изменила имидж и стала намного счастливее ✨ #serial #bridgerton #bridgertonseason3 #бриджертоны,@Дарья-й1в9п,"А с чего такое преображение 
Я только на 2 сезоне",2025-05-31T04:38:36Z,0,1,1
UgyGowQNYaihbJRqgh14AaABAg,KBa08Y5dmvQ,https://www.youtube.com/watch?v=KBa08Y5dmvQ,Пен изменила имидж и стала намного счастливее ✨ #serial #bridgerton #bridgertonseason3 #бриджертоны,@Токийскаяледи,Как называется?,2026-01-07T10:49:56Z,0,1,1
UgymXVlOGfznIxQSKWJ4AaABAg,KBa08Y5dmvQ,https://www.youtube.com/watch?v=KBa08Y5dmvQ,Пен изменила имидж и стала намного счастливее ✨ #serial #bridgerton #bridgertonseason3 #бриджертоны,@Ketrinroyn,Какая серия ?,2025-04-13T09:59:59Z,0,1,1
Ugxjl5wqac4Km11ZqQV4AaABAg,KBa08Y5dmvQ,https://www.youtube.com/watch?v=KBa08Y5dmvQ,Пен изменила имидж и стала намного счастливее ✨ #serial #bridgerton #bridgertonseason3 #бриджертоны,@I_want_HAPPINESS,Пон,2024-05-25T18:34:01Z,0,0,0
Ugx_VS2DZPGwIrnVW1B4AaABAg,ItjtPsgfuVM,https://www.youtube.com/watch?v=ItjtPsgfuVM,Брак в эпоху Регентства: «Бриджертоны» были правы?,@tatyanak.4222,"Конечно они не претендуют на историчность. Взять хотя бы большое количество многонациональных аристократов. Это просто истории о любви для мечтательных девушек. Королева по сценарию любит чувства, поэтому и прощала многое.",2024-06-19T17:16:20Z,591,8,599
Ugys8otvgCjnxFu0tBd4AaABAg,ItjtPsgfuVM,https://www.youtube.com/watch?v=ItjtPsgfuVM,Брак в эпоху Регентства: «Бриджертоны» были правы?,@Laslow-Blackburn-Brelinsky,"Автор романа, по которому снят сериал, сама говорила, что ""Бриджертоны"" - это вымысел, фантазия на тему того, как могла бы выглядеть тогдашняя Англия если бы... Бриджертоны - это красивые истории о любви, романтизм, иногда страсть. Все сериалы заточены на это. Ради историчности можно включить документалку, там всегда море крови и слёз))",2024-06-20T12:36:13Z,165,1,166
UgypeDNAXHPZ-Mgtoux4AaABAg,ItjtPsgfuVM,https://www.youtube.com/watch?v=ItjtPsgfuVM,Брак в эпоху Регентства: «Бриджертоны» были правы?,@KarinaNazarova,"Офигеть, я буквально вчера рандомно начала смотреть этот сериал, не зная, что буквально на днях вышел третий сезон, а теперь и вы выпустили ролик! Вот это телепатия :0",2024-06-19T18:14:16Z,139,5,144
UgzDLUMw8nZSrOvEsUR4AaABAg,ItjtPsgfuVM,https://www.youtube.com/watch?v=ItjtPsgfuVM,Брак в эпоху Регентства: «Бриджертоны» были правы?,@evgeniiapisarevskaia9222,"Мать решила Пенелопу оставить для себя, поэтому она не заботилась о ее муже",2024-06-20T09:23:04Z,65,0,65
UgxCiP6hQZsUvkAHItd4AaABAg,ItjtPsgfuVM,https://www.youtube.com/watch?v=ItjtPsgfuVM,Брак в эпоху Регентства: «Бриджертоны» были правы?,@rhaenyra3802,где привычная озвучка?🥲,2024-06-19T17:24:36Z,57,2,59
UgwjyzU5-u5M4v3_Eot4AaABAg,ItjtPsgfuVM,https://www.youtube.com/watch?v=ItjtPsgfuVM,Брак в эпоху Регентства: «Бриджертоны» были правы?,@proreading,"для меня «Бриджертоны» — это захватывающая смесь романтики, интриг и драмы, которая сопровождается крутой музыкой, красивыми актерами и костюмами, я не жду от него достоверности :))",2024-06-26T17:01:29Z,57,0,57
UgzLTYA5pOxwQNTYIht4AaABAg,ItjtPsgfuVM,https://www.youtube.com/watch?v=ItjtPsgfuVM,Брак в эпоху Регентства: «Бриджертоны» были правы?,@tatyanak.4222,"Бербрук ее не бил, он просто хотел ей овладеть очень, от чего и получил от нее и Саймона.",2024-06-19T17:06:29Z,47,0,47
Ugz08WaLYBNS6VQ2p254AaABAg,ItjtPsgfuVM,https://www.youtube.com/watch?v=ItjtPsgfuVM,Брак в эпоху Регентства: «Бриджертоны» были правы?,@miroslava_vi,"Бриджертоны - сериал совершенно не притендующий на историчность! Сами авторы говорят, что действие сериала разворачивается в альтернативном Лондоне. Показывают Дафну и Саймона и говорят о деньгах. При этом Саймона по итогу вообще отказался от приданного Дафны. Говорят про подходящую по статусу партии и объясняют, что королева не могла быть рада браку принца с дочерью виконта, при этом забывая, что по лору Бриджертонов королева Шарлота чернокожая и вышла за короля, явно не соответствуя его статусу.
На мой взгляд данный сериал вообще не про эпоху регенства. Авторы взяли только некоторые её элементы, как красивую оболочку. Но их цель скорее поднять некоторые вполне актуальные в нашем времени, темы. 

Ролик не плох, хотя на мой взгляд качество роликов Правого полушария интроверта сильно понизилось. Но выбор Бриджертонов в качестве сериала, на примере которого разбирают наравы исторической эпохи - очень плохой! Не нужно пытаться играть на любви фанатов сериала и пытаться примазаться к его популярности. Хотите рассказать про историю - расскажите! Хотите рассказать на примере сериала/фильма - выберем что-то более подходящее. Хотите рассказать конкретно о Бриджертонах - нормально подготовьтесь, а не говорите ерунду, по типу того, что Бербрук бил Дафну.
Я как фанат Бриджертонов крайне разочарована.",2024-06-20T11:45:46Z,44,0,44
UgxnqS15__2JXd4IUGZ4AaABAg,ItjtPsgfuVM,https://www.youtube.com/watch?v=ItjtPsgfuVM,Брак в эпоху Регентства: «Бриджертоны» были правы?,@mouri_san,"ааа как неожиданно и приятно! и главное - актуально, ведь не так давно вышла вторая часть третьего сезона Бриджертонов :)",2024-06-19T17:01:13Z,30,3,33
UgxdhztcPGjUTTK-Zs14AaABAg,ItjtPsgfuVM,https://www.youtube.com/watch?v=ItjtPsgfuVM,Брак в эпоху Регентства: «Бриджертоны» были правы?,@ronnok_0,"Жду ""Психологические проблемы героев ""Бесконечного лета"" уже 200 дней, залайкайте, чтобы админы ППИ увидели",2024-06-20T03:44:06Z,26,1,27
UgwDlAB5mS99L65TmZV4AaABAg,ItjtPsgfuVM,https://www.youtube.com/watch?v=ItjtPsgfuVM,Брак в эпоху Регентства: «Бриджертоны» были правы?,@Tolya_Gromow,"Жду психологический разбор главной героини Мисс Фрисби из дебютного мультфильма Дона Блута Секрет Н.И.М.Х. / Секрет крыс, крайне занимательный и живой по поведению персонаж который проходит довольно тяжелый путь со стрессом и вечным пересиливанием себя ради своих детей. Интересно было бы узнать какие психологические последствия смогли оставить после себя данные приключения в целом для неё, помимо конечно же пары десятков седых волос.",2024-06-19T16:59:03Z,25,1,26
Ugxpg-eSP5_DatMwfCR4AaABAg,ItjtPsgfuVM,https://www.youtube.com/watch?v=ItjtPsgfuVM,Брак в эпоху Регентства: «Бриджертоны» были правы?,@ananeeva4109,"Интересно, зачем в ролике специально несколько раз делается акцент на то, что он короткий? Или авторы считают свою аудиторию идиотами, для которых несколько часов чтения - неподъёмный труд?",2024-06-21T09:39:01Z,20,1,21
UgwUR7RSXicTYy-Nrd14AaABAg,ItjtPsgfuVM,https://www.youtube.com/watch?v=ItjtPsgfuVM,Брак в эпоху Регентства: «Бриджертоны» были правы?,@ALEXrossetty,"Ну, Дафна не могла стать женой принца. И типа это неправда в сериале. А то, что там половина африканцев в высшем лондонском свете эпохи Регентства, это прям достовернос😅",2024-06-20T19:02:41Z,19,0,19
UgxiaF7VNKFIyAgVcCV4AaABAg,ItjtPsgfuVM,https://www.youtube.com/watch?v=ItjtPsgfuVM,Брак в эпоху Регентства: «Бриджертоны» были правы?,@Lilia401,Только что смотрела этот сериал 😂❤️,2024-06-19T16:58:39Z,14,4,18
UgyMq5bKW0YpMmaQ3ax4AaABAg,ItjtPsgfuVM,https://www.youtube.com/watch?v=ItjtPsgfuVM,Брак в эпоху Регентства: «Бриджертоны» были правы?,@margobeautyworld3722,"Зачем Вы столько раз в видео подводите итог и обобщаете всё сказанное - зрители же не тупицы))) Вы больше 3х раз повторили, как плачевно было положение женщин в те времена.....в какой-то момент даже появилось ощущение, что сценарий специально написан так по-дурацки😅 Это как если бы тема видео была импотенция, и вы 3и раза в нем подводили итог, что половая дисфункция с возрастом настигнет большинство мужчин (повторение этого действительно ощущается как издевательство)🤔",2024-06-20T09:20:57Z,16,1,17
Ugzpwe7SbEmYM0e1LAh4AaABAg,ItjtPsgfuVM,https://www.youtube.com/watch?v=ItjtPsgfuVM,Брак в эпоху Регентства: «Бриджертоны» были правы?,@натальярусаков-д8с,"О да! За 10 минут вы обесценили академическое образование и желание людей просто изучать исторические эпохи при этом дали 3 тезиса мои знания углубились до бесконечности. Немного сомнительно, Тик Ток рулит",2024-06-23T05:03:15Z,15,2,17
UgyGEYVcjyG8dMfhjoZ4AaABAg,ItjtPsgfuVM,https://www.youtube.com/watch?v=ItjtPsgfuVM,Брак в эпоху Регентства: «Бриджертоны» были правы?,@Mr_cheese1,Можно видео про философию Терри Прачетта?,2024-06-19T17:38:12Z,15,0,15
UgxkBxMndZn1su2lIml4AaABAg,ItjtPsgfuVM,https://www.youtube.com/watch?v=ItjtPsgfuVM,Брак в эпоху Регентства: «Бриджертоны» были правы?,@С.СаЯнаТ,"дело не в том что наследство сыну отдавали. 
а в том что сама жизнь тогда была очень тяжёлой. Не было лёгкой работы для женщины, где она бы могла не ломая здоровье нормально зарабатывать и содержать себя и детей.  Там и мужчинам было то нелегко по жизни.  
были крайности-либо ты пашешь на поле до черноты. либо ты стираешь\работаешь на шахте до черноты. Других вариантов тупо не было.  ну кроме того, что ты просто будешь выживать на улице в виде проститутки и нищенки. 
Это сегодня  женщина с современным прогрессом, может куда то устроиться.",2024-06-19T18:13:38Z,13,1,14
Ugyugf0PXIzhykWMznd4AaABAg,ItjtPsgfuVM,https://www.youtube.com/watch?v=ItjtPsgfuVM,Брак в эпоху Регентства: «Бриджертоны» были правы?,@gayaneavchiyan9911,"Не понравился новый формат, по моему нет надобности посторять и ""подводить итог"". Такое ощущение что сижу на уроке((((",2024-06-20T11:23:59Z,14,0,14
UgwoxO95EsXC-Gm9JU94AaABAg,ItjtPsgfuVM,https://www.youtube.com/watch?v=ItjtPsgfuVM,Брак в эпоху Регентства: «Бриджертоны» были правы?,@Maria.Dronina,"Уважаемые авторы сценария, пожалуйста, обратите внимание на то, что саммари слушают и женщины тоже. Окончание мужского рода у глаголов, «ты узнал», например, режет слух. Прошу рассмотреть возможность возвращения к каким-то более гендерно-нейтральным обращениям. 
Спасибо!",2024-06-19T21:27:59Z,10,3,13
UgzfzIdnHSGBxK8y2it4AaABAg,ItjtPsgfuVM,https://www.youtube.com/watch?v=ItjtPsgfuVM,Брак в эпоху Регентства: «Бриджертоны» были правы?,@daria9875,"странно разбирать эпоху регентства на сериале бриджертоны и доказывать «неправдоподобность» сериала учитывая что сценаристы и не собирались восстанавливать исторически верную картину) это же и объясняет наличие в кадре представителей других рас, которое вы почему то опустили, зато несколько раз подчеркнули, что у женщин не было прав (мы с первого раза поняли, спасибо) в общем максимально странный и некачественный выпуск для полушария, и это я молчу про опечатку и что ролики теперь походу озвучивает нейросеть). и камон ребят, словосочетание  «молодые девушки»? все хорошо😂",2024-06-20T15:56:35Z,11,0,11
UgxvqcPd_eeUHyehMyJ4AaABAg,ItjtPsgfuVM,https://www.youtube.com/watch?v=ItjtPsgfuVM,Брак в эпоху Регентства: «Бриджертоны» были правы?,@Г-х2ч,"Можно ролик сделать про Дамское счастье Золя, как пример перемен в бизнесе.",2024-06-19T20:24:31Z,9,2,11
UgzUHCGLyK5yrhL0_Tt4AaABAg,ItjtPsgfuVM,https://www.youtube.com/watch?v=ItjtPsgfuVM,Брак в эпоху Регентства: «Бриджертоны» были правы?,@МаринаК-ю3ч,"Не все поместья были под майоратом. И тогда женщина могла наследовать и обладала значительной свободой, возможной для того времени.
И проблема не только в наследовании, у семьи в принципе могло не быть средств. Проблема в ограниченных возможностях для заработка женщин из дворянских семей, без потери статуса и достоинства (даже ""чистенькие"" гувернантки рассматривались почти как прислуга и браки с ними вызывали пересуды).",2024-06-20T15:14:58Z,8,2,10
UgwaD6COozXY2OhFbtd4AaABAg,ItjtPsgfuVM,https://www.youtube.com/watch?v=ItjtPsgfuVM,Брак в эпоху Регентства: «Бриджертоны» были правы?,@ТатьянаНеретина-б7н,"Не зашла мне вся эта альтернативная межрасовая реальность эпохи Регентства. И нетфликс с ума сошёл со всей это своей нетрадиционной ориентацией. Противно было смотреть. 
Что порадовало, так это декорации и костюмы.",2024-06-20T05:00:27Z,5,5,10
UgxAGtsOpBjqm_dHl5d4AaABAg,ItjtPsgfuVM,https://www.youtube.com/watch?v=ItjtPsgfuVM,Брак в эпоху Регентства: «Бриджертоны» были правы?,@6terikova,Попросите лосяша подойти к телефону,2024-06-20T06:09:36Z,8,0,8
UgybQVAsOwuCPZjDX7F4AaABAg,ItjtPsgfuVM,https://www.youtube.com/watch?v=ItjtPsgfuVM,Брак в эпоху Регентства: «Бриджертоны» были правы?,@машапетрова-ч4ч,"Ладно еще Дафна со своим скромным виконтским статусом стала бриллиантом сезона. Это можно было бы объяснить тем, что у королевы были свои причуды. А ее фаворитки в будущем пользовались ее благосклонностью и поддержкой, а значит такая невеста и без преданного могла стать  очень выгодной партией. Меня рассмешило, что на утро после представление королевы она не дождалась женихов. Потому что все толпились в гостиной у бедной племяннице Фезерингтонов. Типа эта бесприданница была настолько красивой, что все женихи наперегонки побежали к ней свататься, а их мамаши без страха и упрека их к ней отпустили))",2024-06-26T19:16:12Z,7,1,8
UgxDyORrFlncv8mG7ax4AaABAg,ItjtPsgfuVM,https://www.youtube.com/watch?v=ItjtPsgfuVM,Брак в эпоху Регентства: «Бриджертоны» были правы?,@emmaw7955,Ждём философию Учихи Мадары и Учихи Обито день 113,2024-06-19T22:18:22Z,8,0,8
Ugwx3GkQ33tGiRIHMIR4AaABAg,ItjtPsgfuVM,https://www.youtube.com/watch?v=ItjtPsgfuVM,Брак в эпоху Регентства: «Бриджертоны» были правы?,@ilmoxmix,"Дорогое, полушарие интроверта! Ролик получился отличный и заставляющий задуматься. Я бы хотел попросить вас сделать видео о всех апостолах из православия, мне кажется, что получилось бы очень интересно!❤❤❤",2024-06-20T06:49:50Z,7,0,7
UgyK9C7gqQ6jzfBfHtV4AaABAg,ItjtPsgfuVM,https://www.youtube.com/watch?v=ItjtPsgfuVM,Брак в эпоху Регентства: «Бриджертоны» были правы?,@dashak.5819,Вот это видео действительно неожиданно и очень приятно ❣️,2024-06-19T18:43:59Z,7,0,7
Ugy_g8btczm6v71ZgOV4AaABAg,ItjtPsgfuVM,https://www.youtube.com/watch?v=ItjtPsgfuVM,Брак в эпоху Регентства: «Бриджертоны» были правы?,@АленаИванова-е5н,"В ту эпоху женщин выкашивала беременность и добивали роды. Холостяков действительно было больше. Точнее вдовцов. У нас и сейчас фертильных молодых девушек гораздо меньше, чем думают наивные мужики.",2024-06-22T02:18:03Z,6,1,7
UgwT6iUPWB2zqxmyAIR4AaABAg,ItjtPsgfuVM,https://www.youtube.com/watch?v=ItjtPsgfuVM,Брак в эпоху Регентства: «Бриджертоны» были правы?,@VarvaraEgorova,"В некоторых странах и сегодня принято, чтобы мужа или жену своим детям выбирали родители. Однако, хорошо, если окончательное решение остаётся за молодыми, «ведь каждому придется нести свое бремя».",2024-06-24T14:04:56Z,6,0,6
UgxnGPYA00ekCuiDu7Z4AaABAg,ItjtPsgfuVM,https://www.youtube.com/watch?v=ItjtPsgfuVM,Брак в эпоху Регентства: «Бриджертоны» были правы?,@АннаКонда-з3к,"Удивляют люди, которые придираются к историчности. Не надо быть гением, что бы понимать альтернативность истории в сюжете. Весь сериал - просто красивая и нереалистичная сказка с трагедиями уровня "" он не так посмотрел""",2024-06-20T09:52:50Z,6,0,6
UgxqJAiZLirNHZLgBL94AaABAg,ItjtPsgfuVM,https://www.youtube.com/watch?v=ItjtPsgfuVM,Брак в эпоху Регентства: «Бриджертоны» были правы?,@AllME3969,Верните Михаила 😢,2024-06-20T00:44:02Z,5,0,5
Ugxgqs_-Qr3XMMrk-KF4AaABAg,ItjtPsgfuVM,https://www.youtube.com/watch?v=ItjtPsgfuVM,Брак в эпоху Регентства: «Бриджертоны» были правы?,@ДарьяМокрушина-ф9э,"Слишком много рекламы саммари в самом саммари. Сделайте её хотя бы в самом начале или в самом конце, а то посреди рассказа очень режется нить повествования, хочется сразу вырубить, потому что бесит ужасно. И такое во всех саммари, не всегда есть возможность перемотать😢",2024-06-24T14:40:53Z,5,0,5
UgwGB5CVQ1awPOpbhfJ4AaABAg,ItjtPsgfuVM,https://www.youtube.com/watch?v=ItjtPsgfuVM,Брак в эпоху Регентства: «Бриджертоны» были правы?,@АлександрЗемляков-ф2с,*Георга 4. Генрих жил в 14-15 веке.,2024-06-20T07:45:03Z,4,0,4
Ugw-23T__mtz180LstZ4AaABAg,ItjtPsgfuVM,https://www.youtube.com/watch?v=ItjtPsgfuVM,Брак в эпоху Регентства: «Бриджертоны» были правы?,@few_myriads,Серьёзно? Ошибка на превью? У полушария интроверта?,2024-06-20T08:59:30Z,4,0,4
UgzVBSHFxQ08cz0kw9N4AaABAg,ItjtPsgfuVM,https://www.youtube.com/watch?v=ItjtPsgfuVM,Брак в эпоху Регентства: «Бриджертоны» были правы?,@mouri_san,спасибо! как раз искала что посмотреть,2024-06-19T17:01:57Z,4,0,4
UgzA7Un45ofzV0QGjoV4AaABAg,ItjtPsgfuVM,https://www.youtube.com/watch?v=ItjtPsgfuVM,Брак в эпоху Регентства: «Бриджертоны» были правы?,@ulyanyshka,я люблю этот сериал💗,2024-06-19T17:57:57Z,4,0,4
UgydQBLBB196Em_U3ip4AaABAg,ItjtPsgfuVM,https://www.youtube.com/watch?v=ItjtPsgfuVM,Брак в эпоху Регентства: «Бриджертоны» были правы?,@1ТатьянаТатьяна,"Женщины в 19 веке не были такими ... загорелыми))...как актрисы в кино. Ценился и романтизировался, был в моде бледный чахоточный (туберкулезный) вид.",2024-06-20T00:05:05Z,2,2,4
UgzbMqJqy4v47xKchD94AaABAg,ItjtPsgfuVM,https://www.youtube.com/watch?v=ItjtPsgfuVM,Брак в эпоху Регентства: «Бриджертоны» были правы?,@lyolkina100,Кажется озвучено нейросетью😊,2024-06-25T07:13:18Z,3,0,3
UgxGTPtZ4cWgE1hN59x4AaABAg,ItjtPsgfuVM,https://www.youtube.com/watch?v=ItjtPsgfuVM,Брак в эпоху Регентства: «Бриджертоны» были правы?,@natykoles1283,Обожаю бриджертонов ❤ очень нравится ваше видео,2024-06-20T10:10:17Z,3,0,3
UgwMMFoFjEH0B-QoDK54AaABAg,ItjtPsgfuVM,https://www.youtube.com/watch?v=ItjtPsgfuVM,Брак в эпоху Регентства: «Бриджертоны» были правы?,@АлисаЧернова-ш2й,А количество чернокожих аристократов не смущает в 19 веке?,2024-06-20T17:04:06Z,3,0,3
Ugxp5qOsQnU8751MT214AaABAg,ItjtPsgfuVM,https://www.youtube.com/watch?v=ItjtPsgfuVM,Брак в эпоху Регентства: «Бриджертоны» были правы?,@zashrft,Я не рассист. Но разве в те времена чёрные были аристократами?,2024-06-20T16:49:41Z,2,1,3
UgwyNhlrOQ4kT2t8Ufl4AaABAg,ItjtPsgfuVM,https://www.youtube.com/watch?v=ItjtPsgfuVM,Брак в эпоху Регентства: «Бриджертоны» были правы?,@светланастарыгина-ф8ф,Отличное изложение материала.Спасибо. Коротко и ясно.,2024-07-19T18:17:27Z,2,0,2
Ugz7_dWp6NhTZGbULLp4AaABAg,ItjtPsgfuVM,https://www.youtube.com/watch?v=ItjtPsgfuVM,Брак в эпоху Регентства: «Бриджертоны» были правы?,@АннаАртемьева-л2ш,психологический разбор клинка рассекающего демонов........... молю,2024-06-20T10:49:56Z,2,0,2
UgydmwqFpSTb8xSiVEF4AaABAg,ItjtPsgfuVM,https://www.youtube.com/watch?v=ItjtPsgfuVM,Брак в эпоху Регентства: «Бриджертоны» были правы?,@alyaalmost_in_spain8598,"Они мошенники!! Не покупайте ничего, если не хотите потерять деньги!!",2024-07-02T11:10:57Z,2,0,2
UgyxsoMFWlikkWtpsKV4AaABAg,ItjtPsgfuVM,https://www.youtube.com/watch?v=ItjtPsgfuVM,Брак в эпоху Регентства: «Бриджертоны» были правы?,@ЧилиСанчес,"Где найти такой-же голос?
(Это же голос нейросети?)",2024-06-20T10:47:02Z,2,0,2
Ugy7i0KQnbUJagTSPmN4AaABAg,ItjtPsgfuVM,https://www.youtube.com/watch?v=ItjtPsgfuVM,Брак в эпоху Регентства: «Бриджертоны» были правы?,@АннаПопенко,Можно видео про философию Сватов,2024-06-21T17:30:25Z,2,0,2
Ugw6wWBxIVUVRd2yJD94AaABAg,ItjtPsgfuVM,https://www.youtube.com/watch?v=ItjtPsgfuVM,Брак в эпоху Регентства: «Бриджертоны» были правы?,@juliakovtun3353,А где Лосяш?,2024-06-21T17:14:31Z,2,0,2
UgzPs2AE6u3ry2ilSGJ4AaABAg,ItjtPsgfuVM,https://www.youtube.com/watch?v=ItjtPsgfuVM,Брак в эпоху Регентства: «Бриджертоны» были правы?,@ElMarkovva,Генрих IV это 1399 - 1413гг.,2024-06-20T08:56:44Z,2,0,2
UgxOjPRzSdmM8TrKMHF4AaABAg,ItjtPsgfuVM,https://www.youtube.com/watch?v=ItjtPsgfuVM,Брак в эпоху Регентства: «Бриджертоны» были правы?,@AnyaV,А в России иначе в браках? Поэтому тетки в браках и с детьми выглядят старше и злые поголовно,2024-06-20T07:31:42Z,2,0,2
UgwQEgTRg8tiMySThz14AaABAg,ItjtPsgfuVM,https://www.youtube.com/watch?v=ItjtPsgfuVM,Брак в эпоху Регентства: «Бриджертоны» были правы?,@ЛенаСубботина-о7й,"В общем,после просмотра этого видео,я поняла что для женщины 19 век-это отстой,и единственный плюс это красивые наряды)",2024-06-24T18:35:27Z,2,0,2
Ugxh_ZVv07cUP4n1O6x4AaABAg,ItjtPsgfuVM,https://www.youtube.com/watch?v=ItjtPsgfuVM,Брак в эпоху Регентства: «Бриджертоны» были правы?,@evangelina21,"Так Пенелопа не дебютировала до 3 сезона, поэтому никого и не волновало отсутствие у нее партнера)",2024-06-21T06:01:45Z,1,1,2
Ugzw4kI7zLZFocOvbE14AaABAg,ItjtPsgfuVM,https://www.youtube.com/watch?v=ItjtPsgfuVM,Брак в эпоху Регентства: «Бриджертоны» были правы?,@zh_danchik,Повторить несколько раз «ты здесь за 10 минут узнал» 🫠,2024-07-13T15:22:05Z,1,0,1
UgzCxdi21hFpunDkR6F4AaABAg,ItjtPsgfuVM,https://www.youtube.com/watch?v=ItjtPsgfuVM,Брак в эпоху Регентства: «Бриджертоны» были правы?,@ДарьяК-с7я,"Только не Генриха 4, а Георга 3 а затем Георга 4",2024-06-30T18:38:26Z,1,0,1
UgzaBOWsB0SA0h8pE394AaABAg,ItjtPsgfuVM,https://www.youtube.com/watch?v=ItjtPsgfuVM,Брак в эпоху Регентства: «Бриджертоны» были правы?,@rina.ambrosia,"Исправьте ошибку на обложке, а то она слегка портит впечатление 😒",2024-06-20T04:31:44Z,1,0,1
UgzN8WglhS4a03syqkJ4AaABAg,ItjtPsgfuVM,https://www.youtube.com/watch?v=ItjtPsgfuVM,Брак в эпоху Регентства: «Бриджертоны» были правы?,@PolyMinimum,"Не знаю, я начала смотреть, какую-то серию и за минуты 3 мне уже надоело😂😂",2024-06-20T04:27:44Z,1,0,1
Ugwd36ZcRyzQaroeCnp4AaABAg,ItjtPsgfuVM,https://www.youtube.com/watch?v=ItjtPsgfuVM,Брак в эпоху Регентства: «Бриджертоны» были правы?,@Kaailh,Сделайте пробную бесплатную подписку и на иностранные карты пожалуйста 🙏🏻,2024-06-19T19:37:40Z,1,0,1
UgwrFlnRYoZSJqt5Std4AaABAg,ItjtPsgfuVM,https://www.youtube.com/watch?v=ItjtPsgfuVM,Брак в эпоху Регентства: «Бриджертоны» были правы?,@skyreeisra,Бриджертоны кайф,2024-06-20T14:09:38Z,1,0,1
Ugx4dQfKxzbCVZUqHnV4AaABAg,ItjtPsgfuVM,https://www.youtube.com/watch?v=ItjtPsgfuVM,Брак в эпоху Регентства: «Бриджертоны» были правы?,@evangelina21,Девушка становилась старой девой уже после 3 сезона,2024-06-21T05:54:16Z,1,0,1
UgwaUZW_ug4Ru7lh8ON4AaABAg,ItjtPsgfuVM,https://www.youtube.com/watch?v=ItjtPsgfuVM,Брак в эпоху Регентства: «Бриджертоны» были правы?,@АленаБаженова-в7в,Они вообще на какой планете снимали английских лордов и леди черного цвета? Кукуха совсем зашкалила?,2024-06-20T08:13:08Z,1,0,1
Ugwkk6dIF-r9oFXBfdF4AaABAg,ItjtPsgfuVM,https://www.youtube.com/watch?v=ItjtPsgfuVM,Брак в эпоху Регентства: «Бриджертоны» были правы?,@ecoanasys,"Какой бесявой стала подача материала. Посыл ""за 10 минут вы ВСЕ узнаете по теме, вместо того чтобы читать 300 страничную книгу"" неадекватный. Во-первых, не ВСЕ узнаем, дьявол в деталях. Во-вторых, 4 упоминания слишком навязчивы. В-третьих, люди УЖЕ смотрят ваше видео и выбрали его скорее всего потому, что оно короткое. Этого недостаточно, да?",2024-06-23T13:29:13Z,1,0,1
UgxmipHfethWZHgg51h4AaABAg,ItjtPsgfuVM,https://www.youtube.com/watch?v=ItjtPsgfuVM,Брак в эпоху Регентства: «Бриджертоны» были правы?,@Zagigajra,Ребят ну вы хоть предупреждайте что в ролике есть спойлеры!!!,2024-06-29T21:37:29Z,0,0,0
UgxqTbVsgV2ogVV_YkJ4AaABAg,ItjtPsgfuVM,https://www.youtube.com/watch?v=ItjtPsgfuVM,Брак в эпоху Регентства: «Бриджертоны» были правы?,@sandwich8276,Промокод на бесплатный пробный период на 1 месяц не работает :(,2024-06-22T06:28:45Z,0,0,0
UgwxqXtRuvgCna8EFCF4AaABAg,ItjtPsgfuVM,https://www.youtube.com/watch?v=ItjtPsgfuVM,Брак в эпоху Регентства: «Бриджертоны» были правы?,@MilendeMontgomery,А можно про Ворониных?,2024-06-22T03:14:49Z,0,0,0
Ugx8zYeIey_losWqM8x4AaABAg,ItjtPsgfuVM,https://www.youtube.com/watch?v=ItjtPsgfuVM,Брак в эпоху Регентства: «Бриджертоны» были правы?,@Romanychev_Iliy_G7,"Очень хочется послушать главные психологические проблемы героев сериала ""Пацаны"" (The Boys). Особенно хочется услышать о характере Хоумлендера (Твердыни, Патриота).",2024-06-22T01:53:36Z,0,0,0
Ugz7VwgnP69nmDZp7vV4AaABAg,ItjtPsgfuVM,https://www.youtube.com/watch?v=ItjtPsgfuVM,Брак в эпоху Регентства: «Бриджертоны» были правы?,@Alisaandreeva-m2n,"В 5 книге Пенелопа и Элоиза уже были старыми девами, Пени выводила сестру Фелисити в свет и после брака Пени и Колина, Элоиза тоже захотела замуж.",2025-09-04T14:22:14Z,0,0,0
UgxmPO0218AsSbx48QV4AaABAg,ItjtPsgfuVM,https://www.youtube.com/watch?v=ItjtPsgfuVM,Брак в эпоху Регентства: «Бриджертоны» были правы?,@svetlanastrykova993,"Надеюсь, что после Бриджертонов Шонда возьмётся за серию про Макферсонов от Мэй Макголдрик👍ибо эта серия точно заслуживает быть экранизированной) особенно книги про Джейми) 

И Бунтарка, её же авторства, тоже, ибо шикарный романец💣💥",2025-03-13T07:44:37Z,0,0,0
Ugxcj7LrVu-CmmdS-Ot4AaABAg,ItjtPsgfuVM,https://www.youtube.com/watch?v=ItjtPsgfuVM,Брак в эпоху Регентства: «Бриджертоны» были правы?,@MeowMmeOwW01,Я жду разбора доктора хауса. Пожалуйста залайкайте,2024-06-20T19:07:36Z,0,0,0
UgzOTxbgr7SLATKU4ZN4AaABAg,ItjtPsgfuVM,https://www.youtube.com/watch?v=ItjtPsgfuVM,Брак в эпоху Регентства: «Бриджертоны» были правы?,@arnoborro5044,"Вы говорите о достоверности фильма? Хаха! Черный аристокрты это самое ""достоверное"", что я сейчас увидел на экране! ))  Плюнул и выключил кино. ;-)",2024-09-10T11:51:55Z,0,0,0
UgweztgvpsPQr4PUOaJ4AaABAg,ItjtPsgfuVM,https://www.youtube.com/watch?v=ItjtPsgfuVM,Брак в эпоху Регентства: «Бриджертоны» были правы?,@AnnaRavenV,"Проблема Бриджертонов для меня не в антиисторичности, а в глупом сюжете. Слабое объяснение, почему у них там чёрные аж герцогами могут быть. Дыры в сюжете, тупиковые линии и просто иногда отсутствие логики в действиях героев. Визуал хороший, на нарядах глаз отдыхал и на этом спасибо. Всех людей широких взглядом и любителей инклюзивности поздравляю  с Микаэллой, это то, что вы заслужили и скорее всего на этом сценаристы не остановятся 🎉 Я закончила смотреть на 2 сезоне именно из-за вышеперечисленных фактов.",2024-06-28T06:23:28Z,0,0,0
UgwelfDN5cj3k9K-49p4AaABAg,ItjtPsgfuVM,https://www.youtube.com/watch?v=ItjtPsgfuVM,Брак в эпоху Регентства: «Бриджертоны» были правы?,@RinaKnyazeva1,поразительно как неприятна русская oзвучка - пришлось случать в этом видео... к счастью украинский вариант с лучшими голосами.,2024-06-25T11:02:28Z,0,0,0
UgyZb7dGCWi0iZDXD5N4AaABAg,ItjtPsgfuVM,https://www.youtube.com/watch?v=ItjtPsgfuVM,Брак в эпоху Регентства: «Бриджертоны» были правы?,@НатальяНовикова-с4з,"Какая ерунда и разбор, а больше всего сериал, который и смотреть то, себя не уважать. Отключилась на 4 минуте.",2024-06-27T14:45:21Z,0,0,0
UgyVCeFo4x8Dzv4JAid4AaABAg,1E0D6mXyBG4,https://www.youtube.com/watch?v=1E0D6mXyBG4,Ночная встреча Энтони и Кэйт в библиотеке 🔥Сериал: Бриджертоны 2,@ЛианЛи,Это не гроза это страсть 🔥🔥🔥,2022-06-13T20:25:03Z,56,0,56
Ugx4uGIOfTM__r07dpl4AaABAg,1E0D6mXyBG4,https://www.youtube.com/watch?v=1E0D6mXyBG4,Ночная встреча Энтони и Кэйт в библиотеке 🔥Сериал: Бриджертоны 2,@ОксанаТарасова-э5и,Божественно они сыграли.,2022-06-17T19:42:32Z,49,5,54
Ugzqg27VqmKkE0zulxh4AaABAg,1E0D6mXyBG4,https://www.youtube.com/watch?v=1E0D6mXyBG4,Ночная встреча Энтони и Кэйт в библиотеке 🔥Сериал: Бриджертоны 2,@Samagatde-p5l,"Сделайте, пожалуйста, видео в тот момент, когда он узнал, что она жива и заплакал 🙈🙈🙈",2022-10-11T10:35:10Z,23,0,23
UgxOv8aMGLYos6MLzx54AaABAg,1E0D6mXyBG4,https://www.youtube.com/watch?v=1E0D6mXyBG4,Ночная встреча Энтони и Кэйт в библиотеке 🔥Сериал: Бриджертоны 2,@Dia_Eva_,"Парень великолепен, девушка... очень слабенько играет.",2022-06-22T21:43:50Z,11,5,16
UgyZKg4q-x4Mv0yOhRl4AaABAg,1E0D6mXyBG4,https://www.youtube.com/watch?v=1E0D6mXyBG4,Ночная встреча Энтони и Кэйт в библиотеке 🔥Сериал: Бриджертоны 2,@alinatotoeva1191,"Блин читала книгу они там под столом всю городу сидели он её успокаивал, мило)",2022-10-02T06:23:57Z,10,5,15
UgxKy5qVkgr9dMCRmYl4AaABAg,1E0D6mXyBG4,https://www.youtube.com/watch?v=1E0D6mXyBG4,Ночная встреча Энтони и Кэйт в библиотеке 🔥Сериал: Бриджертоны 2,@ОксанаОсипова-з1о,В этом сезоне он хоть хорош. В первом бесит капец🤭🤦,2022-10-10T10:25:55Z,11,0,11
UgydyEo6xPdOcLhQ0x94AaABAg,1E0D6mXyBG4,https://www.youtube.com/watch?v=1E0D6mXyBG4,Ночная встреча Энтони и Кэйт в библиотеке 🔥Сериал: Бриджертоны 2,@Гульсина-т2н,Мужчина просто гениально играет,2025-09-05T08:23:41Z,6,0,6
UgxhuJUBjXe5lPX9PB94AaABAg,1E0D6mXyBG4,https://www.youtube.com/watch?v=1E0D6mXyBG4,Ночная встреча Энтони и Кэйт в библиотеке 🔥Сериал: Бриджертоны 2,@ИринаМирзоян-в1ю,"Диа -Ева, она играет очень правильно: сдержанно и красиво... ♀️🥰🥰🥰",2022-10-04T21:26:21Z,4,0,4
UgyQENjIBIQDMgzd9pl4AaABAg,1E0D6mXyBG4,https://www.youtube.com/watch?v=1E0D6mXyBG4,Ночная встреча Энтони и Кэйт в библиотеке 🔥Сериал: Бриджертоны 2,@ГрадинарАнна-б1ю,А где можно посмотреть весь сериал,2022-09-29T11:38:36Z,1,2,3
UgydO5La68KYcxpzLQ54AaABAg,1E0D6mXyBG4,https://www.youtube.com/watch?v=1E0D6mXyBG4,Ночная встреча Энтони и Кэйт в библиотеке 🔥Сериал: Бриджертоны 2,@НадеждаШербакова-я1у,"Спрямо сей час смотрю уже 2 сезон 5серию.захватывает,хочется знать что дальше.
Но виорой раз смотреть не хочется",2022-10-09T00:57:08Z,1,0,1
UgxsL6z7YIjeW1kFc-94AaABAg,1E0D6mXyBG4,https://www.youtube.com/watch?v=1E0D6mXyBG4,Ночная встреча Энтони и Кэйт в библиотеке 🔥Сериал: Бриджертоны 2,@Natura_list,😄 нашла предлог чтобы убежать,2025-12-02T21:47:35Z,0,0,0
UgwZL9sChk2cw4SH7XJ4AaABAg,1E0D6mXyBG4,https://www.youtube.com/watch?v=1E0D6mXyBG4,Ночная встреча Энтони и Кэйт в библиотеке 🔥Сериал: Бриджертоны 2,@Гульсина-т2н,Мужчина просто гениально играет,2025-09-05T08:23:41Z,0,0,0
Ugy6ZsMGHLHekdS0rNt4AaABAg,DAqKe8_ft6k,https://www.youtube.com/watch?v=DAqKe8_ft6k,"Бриджертоны (4 сезон) — Русский Трейлер (Дубляж, 2026)",@MrGruful,"Слава сериальному богу, голоса те же) ну а так, всё то, что мы любим в Бриджертонах: красиво, ярко, страсти, балы. Сказка для взрослых.",2025-12-26T01:32:08Z,298,4,302
UgwyCLgD3djq9Hh4cPd4AaABAg,DAqKe8_ft6k,https://www.youtube.com/watch?v=DAqKe8_ft6k,"Бриджертоны (4 сезон) — Русский Трейлер (Дубляж, 2026)",@nutax3414,Бенедикту досталась Золушка...,2025-12-25T23:41:12Z,297,3,300
UgwmmAnYMtFNHLqEZg54AaABAg,DAqKe8_ft6k,https://www.youtube.com/watch?v=DAqKe8_ft6k,"Бриджертоны (4 сезон) — Русский Трейлер (Дубляж, 2026)",@indira45747,"Тот неловкий момент, когда о тебе сплетничает твоя невестка 😄",2025-12-25T21:54:37Z,267,0,267
UgwyEfCvLzZn8cGmqCN4AaABAg,DAqKe8_ft6k,https://www.youtube.com/watch?v=DAqKe8_ft6k,"Бриджертоны (4 сезон) — Русский Трейлер (Дубляж, 2026)",@Ноунейм-р8у5д,"В чем проблема была зафиналить прошлый сезон откровением пенни только перед королевой? 
Как она теперь будет сплетни собирать, если все ее знают и будут особо при ней осторожны?",2025-12-26T13:40:14Z,134,6,140
Ugw8ZqDqNVNMZP_zbRF4AaABAg,DAqKe8_ft6k,https://www.youtube.com/watch?v=DAqKe8_ft6k,"Бриджертоны (4 сезон) — Русский Трейлер (Дубляж, 2026)",@panarina_99,Как же хочется хоть немного снова увидеть жизнь Дафны 🥹,2026-01-07T19:45:49Z,96,0,96
Ugwpj2ncEKt1Es_2JKN4AaABAg,DAqKe8_ft6k,https://www.youtube.com/watch?v=DAqKe8_ft6k,"Бриджертоны (4 сезон) — Русский Трейлер (Дубляж, 2026)",@ЛуизаАхметгалеева,Сценарий как у Золушки ?😮,2025-12-25T19:06:29Z,66,7,73
UgyygXfiYLyakd7P68h4AaABAg,DAqKe8_ft6k,https://www.youtube.com/watch?v=DAqKe8_ft6k,"Бриджертоны (4 сезон) — Русский Трейлер (Дубляж, 2026)",@LutyiBugor,любят они однако экзотику смешивать с классикой),2025-12-26T13:16:38Z,58,5,63
Ugx8xJDQWwOD2PoJ1K54AaABAg,DAqKe8_ft6k,https://www.youtube.com/watch?v=DAqKe8_ft6k,"Бриджертоны (4 сезон) — Русский Трейлер (Дубляж, 2026)",@Ангелина-ш7ы,"Я так соскучилась по ним, наконец-то снова увидимся❤ Как я жду!!",2025-12-26T20:38:16Z,37,0,37
UgwiqLveWcMCtYuyAe94AaABAg,DAqKe8_ft6k,https://www.youtube.com/watch?v=DAqKe8_ft6k,"Бриджертоны (4 сезон) — Русский Трейлер (Дубляж, 2026)",@LiME.03,"Ага ага, всё супер гламурно, НО. Где Кейт и Энтони???????? Это что такое! Опять этих Мондричей пихают, а основных героев просто убрали?! Пусть только попробуют не показать моих любимок!",2025-12-27T13:48:59Z,35,1,36
UgzcOhKO_33q8OYIkfp4AaABAg,DAqKe8_ft6k,https://www.youtube.com/watch?v=DAqKe8_ft6k,"Бриджертоны (4 сезон) — Русский Трейлер (Дубляж, 2026)",@Numerologist_Anvar_Barukh,Квинтэссенция классической Золушки и фильма Госпожа-горничная.,2026-01-01T07:28:31Z,31,0,31
Ugzo523jExLELvY0ocZ4AaABAg,DAqKe8_ft6k,https://www.youtube.com/watch?v=DAqKe8_ft6k,"Бриджертоны (4 сезон) — Русский Трейлер (Дубляж, 2026)",@Aginayrysbek,Я надеялась что будет история любви Элоизы 😢,2026-01-04T17:31:27Z,28,3,31
UgyKwnuxWwuEk5Mfbst4AaABAg,DAqKe8_ft6k,https://www.youtube.com/watch?v=DAqKe8_ft6k,"Бриджертоны (4 сезон) — Русский Трейлер (Дубляж, 2026)",@ТатьянаКрутилова-к6у,"Сериал не скатился он снят о книге, а в книге всё так и написано",2025-12-26T16:53:37Z,22,5,27
Ugxg9QGGjHchIdmZ3Gl4AaABAg,DAqKe8_ft6k,https://www.youtube.com/watch?v=DAqKe8_ft6k,"Бриджертоны (4 сезон) — Русский Трейлер (Дубляж, 2026)",@zuzulinya,"прошу, верните Колину его первоначальный голос , а лучше переозвучте прошлый сезон",2025-12-26T08:59:27Z,24,0,24
UgwkAQ4mN5020E2qIOB4AaABAg,DAqKe8_ft6k,https://www.youtube.com/watch?v=DAqKe8_ft6k,"Бриджертоны (4 сезон) — Русский Трейлер (Дубляж, 2026)",@Dilluzie,"Как же хорош был первый сезон. А теперь ретейлинг золушки? ...  До свидания, Бриджертоны. Дальше я пас.",2025-12-25T23:44:14Z,20,2,22
UgxKLsYHZoohoW_o5il4AaABAg,DAqKe8_ft6k,https://www.youtube.com/watch?v=DAqKe8_ft6k,"Бриджертоны (4 сезон) — Русский Трейлер (Дубляж, 2026)",@nasvaiI_ent,Жаль если в новом сезоне не будет продвинута хоть чуть-чуть ветка Элаизы(,2025-12-26T20:30:42Z,13,7,20
Ugy0R15X-uwqWJ2WJ1x4AaABAg,DAqKe8_ft6k,https://www.youtube.com/watch?v=DAqKe8_ft6k,"Бриджертоны (4 сезон) — Русский Трейлер (Дубляж, 2026)",@uma_mooon,"Я одна плачу, видя на заднем плане истор Франчески? 😭😭😭
Как же хотелось увидеть Майкла 😢",2025-12-27T14:34:18Z,12,5,17
UgzCKRSZrDn_p2EcZwB4AaABAg,DAqKe8_ft6k,https://www.youtube.com/watch?v=DAqKe8_ft6k,"Бриджертоны (4 сезон) — Русский Трейлер (Дубляж, 2026)",@madam_belyaeva,Как же я скучала по ним!!!!!! Но маму надо замуж тоже выдать обязательно!!!!!!!!!,2025-12-26T20:33:38Z,10,0,10
Ugx4DKEQTfFhdqEyCGZ4AaABAg,DAqKe8_ft6k,https://www.youtube.com/watch?v=DAqKe8_ft6k,"Бриджертоны (4 сезон) — Русский Трейлер (Дубляж, 2026)",@PolinaB-b3i,"Как не гуманно разбивать сезон на две части. И не показать под новый год. 😢С наступающим новым годом, всего самого лучшего в новом году 🎉",2025-12-31T11:36:47Z,8,0,8
Ugyt1u8EURYlBEIkbDN4AaABAg,DAqKe8_ft6k,https://www.youtube.com/watch?v=DAqKe8_ft6k,"Бриджертоны (4 сезон) — Русский Трейлер (Дубляж, 2026)",@ИльТа-ч4в,"Я приняла альтернативную реальность Бриджертонов🙄 Но она же (Софи) просто некрасивая,  абсолютная серость((( Ну есть же красивые азиатки, ну елки где взяли такую плесень 🥺",2025-12-27T11:01:54Z,8,0,8
UgwHr56HMOfy1cIN6TR4AaABAg,DAqKe8_ft6k,https://www.youtube.com/watch?v=DAqKe8_ft6k,"Бриджертоны (4 сезон) — Русский Трейлер (Дубляж, 2026)",@ТамараТамара-й4ф,Да ну. Героини всё страшней и страшней😂😂😂,2026-01-02T14:48:35Z,7,0,7
Ugzc5FtxQsK8m0ZHfFx4AaABAg,DAqKe8_ft6k,https://www.youtube.com/watch?v=DAqKe8_ft6k,"Бриджертоны (4 сезон) — Русский Трейлер (Дубляж, 2026)",@СофьяК-э9з,А я все ровно все внимание на Пенелопу))))),2026-01-11T19:29:42Z,5,0,5
UgzjevBjahWKGsW6Iex4AaABAg,DAqKe8_ft6k,https://www.youtube.com/watch?v=DAqKe8_ft6k,"Бриджертоны (4 сезон) — Русский Трейлер (Дубляж, 2026)",@Aidauniverse,денежная машина! вау вау,2025-12-27T14:05:29Z,5,0,5
UgxgC32uynY0pTjjp2x4AaABAg,DAqKe8_ft6k,https://www.youtube.com/watch?v=DAqKe8_ft6k,"Бриджертоны (4 сезон) — Русский Трейлер (Дубляж, 2026)",@cap0tn,А где Энтони?,2025-12-26T08:46:31Z,4,1,5
Ugwn-bFIGXizrIfLZKJ4AaABAg,DAqKe8_ft6k,https://www.youtube.com/watch?v=DAqKe8_ft6k,"Бриджертоны (4 сезон) — Русский Трейлер (Дубляж, 2026)",@ilovedwightschrute30,"Спасибо за трейлер, не понимаю только одно, зачем тратить время на сюжетную арку Монрича, кому он интересен",2025-12-31T01:49:36Z,4,0,4
UgzPMQycUKEKf5kW7t14AaABAg,DAqKe8_ft6k,https://www.youtube.com/watch?v=DAqKe8_ft6k,"Бриджертоны (4 сезон) — Русский Трейлер (Дубляж, 2026)",@andyoxko,Пойду почитаю книгу. Не могу ждать ещё месяц 😅😂,2025-12-28T18:11:43Z,2,2,4
UgycmWYFVlLqcB5P03l4AaABAg,DAqKe8_ft6k,https://www.youtube.com/watch?v=DAqKe8_ft6k,"Бриджертоны (4 сезон) — Русский Трейлер (Дубляж, 2026)",@АлтынайТ,Главный герой это который был в последнем сезоне с мужчинами???,2025-12-28T21:29:58Z,2,2,4
UgwlsK_D9K9UQfKXky94AaABAg,DAqKe8_ft6k,https://www.youtube.com/watch?v=DAqKe8_ft6k,"Бриджертоны (4 сезон) — Русский Трейлер (Дубляж, 2026)",@katelatte24,В этом сезоне китайцы?😮 Что в следующем? Трансгендеры?,2025-12-30T15:09:12Z,3,1,4
UgzM_AM2_rkbyoxM1nt4AaABAg,DAqKe8_ft6k,https://www.youtube.com/watch?v=DAqKe8_ft6k,"Бриджертоны (4 сезон) — Русский Трейлер (Дубляж, 2026)",@Ketti97,"Самое приятное, что уже 4 сезона одни и те же лица. Мой любимый сериал",2026-01-10T18:28:33Z,1,2,3
UgxxeB2iWPNplPzjIL54AaABAg,DAqKe8_ft6k,https://www.youtube.com/watch?v=DAqKe8_ft6k,"Бриджертоны (4 сезон) — Русский Трейлер (Дубляж, 2026)",@annasvo2535,"Ой, в Бриджертоны и золушку вписали. Но золушка для взрослых. Да, кто то говорил 50 оттенков -золушка для взрослых, но это будет пооткровенней.",2025-12-28T07:54:36Z,2,1,3
UgwN6NRnJQnxmPupJo54AaABAg,DAqKe8_ft6k,https://www.youtube.com/watch?v=DAqKe8_ft6k,"Бриджертоны (4 сезон) — Русский Трейлер (Дубляж, 2026)",@svetag596,"Самый не интересный персонаж, даже бы сказала отталкивающий. Такой повеса, не знающий куда себя деть в этом мире. И совершенно пресная ГГ. Даже мотив ""золушки"" этот сезон не спасет, видимо. Нет желания смотреть, хотя и ждала продолжения.",2026-01-06T22:47:31Z,3,0,3
UgzOAdIalHs8ildiUqB4AaABAg,DAqKe8_ft6k,https://www.youtube.com/watch?v=DAqKe8_ft6k,"Бриджертоны (4 сезон) — Русский Трейлер (Дубляж, 2026)",@maktub3691,"Боже, ну почему азиатка????",2025-12-28T09:25:07Z,3,0,3
Ugw5EQ6OPtnl3vGGrQ14AaABAg,DAqKe8_ft6k,https://www.youtube.com/watch?v=DAqKe8_ft6k,"Бриджертоны (4 сезон) — Русский Трейлер (Дубляж, 2026)",@kkinslayer,"Мгг страшный в этом сезоне, смотреть не буду",2025-12-27T07:30:56Z,2,0,2
UgxjOyqESVD1cgeeMSx4AaABAg,DAqKe8_ft6k,https://www.youtube.com/watch?v=DAqKe8_ft6k,"Бриджертоны (4 сезон) — Русский Трейлер (Дубляж, 2026)",@lena-kru,"Мне только одно любопытно: кто из разнообразия ещё остался? Просто интересно, что чисто теоретически было более вероятно, что партнеры будут не такие экзотичные. В итоге только Пенелопа и Колин хорошо сочетаются(и мне просто симпатизирует жена Энтони)",2026-01-07T19:26:45Z,1,1,2
Ugy2rAtnDnvWMvvQ9o94AaABAg,DAqKe8_ft6k,https://www.youtube.com/watch?v=DAqKe8_ft6k,"Бриджертоны (4 сезон) — Русский Трейлер (Дубляж, 2026)",@user-kz8vi2tz4p,Ну не знаю Бенедикт стар. Он выглядит самым старшим в семье. Странно что его утвердили на эту роль. Очень видна разница в возрасте с Золушкой.,2025-12-29T22:57:52Z,0,2,2
UgxbGj3_aZ0UHI2S-nt4AaABAg,DAqKe8_ft6k,https://www.youtube.com/watch?v=DAqKe8_ft6k,"Бриджертоны (4 сезон) — Русский Трейлер (Дубляж, 2026)",@АннаГришина-у4х,"Почему поменяли героя, который играл мужа Дафны
Еще со второго сезона заметила странность, что авторы его нигде добавляют, хотя это ключевая фигура первого сезона
Что-то случилось? Конфликт?",2026-01-06T21:55:07Z,0,2,2
UgwFaGEqlBz0rvk6ZEx4AaABAg,DAqKe8_ft6k,https://www.youtube.com/watch?v=DAqKe8_ft6k,"Бриджертоны (4 сезон) — Русский Трейлер (Дубляж, 2026)",@СветланаЧерная-у9в,"Мне было бы обидно читать, как моя невестка сплетничает обо мне на всю страну. 
Сюжетную дыру с продолжением карьеры уже не исправить. Она разрастается.",2025-12-26T19:19:11Z,1,1,2
UgxmG-yhTDpFxQhpJHJ4AaABAg,DAqKe8_ft6k,https://www.youtube.com/watch?v=DAqKe8_ft6k,"Бриджертоны (4 сезон) — Русский Трейлер (Дубляж, 2026)",@SuperLalafa,"Я только , что прочла книгу... Но фильм это просто восторг , созерцания!!",2026-01-08T11:29:50Z,1,0,1
UgzKGiTQmAq7PdOXwRl4AaABAg,DAqKe8_ft6k,https://www.youtube.com/watch?v=DAqKe8_ft6k,"Бриджертоны (4 сезон) — Русский Трейлер (Дубляж, 2026)",@olgavolkova7084,Класс!,2025-12-30T22:52:05Z,1,0,1
UgyZoAfO0ft3xlUdkap4AaABAg,DAqKe8_ft6k,https://www.youtube.com/watch?v=DAqKe8_ft6k,"Бриджертоны (4 сезон) — Русский Трейлер (Дубляж, 2026)",@Ariaz___,"После первой части не хотелось остальные смотреть, эта заинтересовала, что-то по мотивам золушки",2025-12-29T22:34:02Z,1,0,1
UgxBCLCCM3rIp3taSDl4AaABAg,DAqKe8_ft6k,https://www.youtube.com/watch?v=DAqKe8_ft6k,"Бриджертоны (4 сезон) — Русский Трейлер (Дубляж, 2026)",@Ellie_Mo,Я к Бенедикту равнодушна с прошлых сезонов. Хочу уже дальше сезоны.,2026-01-08T00:34:14Z,1,0,1
Ugw7REjEQPCkths0MHN4AaABAg,DAqKe8_ft6k,https://www.youtube.com/watch?v=DAqKe8_ft6k,"Бриджертоны (4 сезон) — Русский Трейлер (Дубляж, 2026)",@tottiff2498,"Блин, опять эти странные голоса из третьего сезона😞",2026-01-01T21:27:29Z,1,0,1
UgyZgrUNRez_VevFFyd4AaABAg,DAqKe8_ft6k,https://www.youtube.com/watch?v=DAqKe8_ft6k,"Бриджертоны (4 сезон) — Русский Трейлер (Дубляж, 2026)",@Romanova335,Попелюшка?,2026-01-07T17:21:04Z,1,0,1
UgzMBKC__TDjlcLjgP94AaABAg,DAqKe8_ft6k,https://www.youtube.com/watch?v=DAqKe8_ft6k,"Бриджертоны (4 сезон) — Русский Трейлер (Дубляж, 2026)",@лорейнпарк,У меня аж мурашки пошли по телу,2025-12-26T18:32:09Z,1,0,1
Ugwy6rAHIuVJGAjq8554AaABAg,DAqKe8_ft6k,https://www.youtube.com/watch?v=DAqKe8_ft6k,"Бриджертоны (4 сезон) — Русский Трейлер (Дубляж, 2026)",@saraesperanto1511,"Мдя, сюжет кнч. И понимая,что это по книге, то есть автор сам настолько решил тут не старатся. Ну блин сюжет золушки это уже настолько избито и скучно.",2025-12-28T11:14:12Z,1,0,1
UgwwtdvFjnQ4zZTOb-14AaABAg,DAqKe8_ft6k,https://www.youtube.com/watch?v=DAqKe8_ft6k,"Бриджертоны (4 сезон) — Русский Трейлер (Дубляж, 2026)",@iyka_Iya,Не ожидала что Бриджертонов продолжат. Для меня последний сезон был конечной точкой),2026-01-07T17:59:05Z,0,1,1
UgxjsvDr8rFIwbCTA-54AaABAg,DAqKe8_ft6k,https://www.youtube.com/watch?v=DAqKe8_ft6k,"Бриджертоны (4 сезон) — Русский Трейлер (Дубляж, 2026)",@fppaart,"блин, я понимаю китаянка, повестка, разнообразие в героях, но она какая-то необаятельная. Лицо без эмоций. Бенедикт такой импозантный, и вообще все герои обаяшки , а она какая -то эх(",2026-01-11T17:00:09Z,1,0,1
UgwBSDkYhjZwrCtmMq14AaABAg,DAqKe8_ft6k,https://www.youtube.com/watch?v=DAqKe8_ft6k,"Бриджертоны (4 сезон) — Русский Трейлер (Дубляж, 2026)",@hifu_cosmo,Золушка,2025-12-25T23:20:02Z,1,0,1
UgwGmdVpH_Q3z4zysXF4AaABAg,DAqKe8_ft6k,https://www.youtube.com/watch?v=DAqKe8_ft6k,"Бриджертоны (4 сезон) — Русский Трейлер (Дубляж, 2026)",@ЕкатеринаИгоревна-ш5б,"Жду. Книга моя любимая из всей серии. Разочарована, конечно, Гг, но уж штош😂",2025-12-26T08:14:05Z,1,0,1
Ugyx9JR3d9enW8tSJPp4AaABAg,DAqKe8_ft6k,https://www.youtube.com/watch?v=DAqKe8_ft6k,"Бриджертоны (4 сезон) — Русский Трейлер (Дубляж, 2026)",@richgirl4972,Блииин как красиво то! Ваау,2025-12-27T23:14:14Z,0,0,0
UgxitDSrsdghkFHFP6l4AaABAg,DAqKe8_ft6k,https://www.youtube.com/watch?v=DAqKe8_ft6k,"Бриджертоны (4 сезон) — Русский Трейлер (Дубляж, 2026)",@nadia_chillout,Вау!),2026-01-01T18:16:31Z,0,0,0
UgyrDPZoP94i-P5AHwt4AaABAg,DAqKe8_ft6k,https://www.youtube.com/watch?v=DAqKe8_ft6k,"Бриджертоны (4 сезон) — Русский Трейлер (Дубляж, 2026)",@moonlightwntwildeyes1385,Ааааааааааааааа ждеееееееем,2026-01-15T16:28:08Z,0,0,0
Ugxr28RcBbGOzg_UMJZ4AaABAg,DAqKe8_ft6k,https://www.youtube.com/watch?v=DAqKe8_ft6k,"Бриджертоны (4 сезон) — Русский Трейлер (Дубляж, 2026)",@Asya1496.,Золушка по-бридженовски,2026-01-07T07:21:09Z,0,0,0
UgwrrdEVJsMg4t1o7794AaABAg,DAqKe8_ft6k,https://www.youtube.com/watch?v=DAqKe8_ft6k,"Бриджертоны (4 сезон) — Русский Трейлер (Дубляж, 2026)",@АннаДордюк-ь2ю,Интересное переосмысление Золушки. Почему бы и нет,2025-12-27T20:52:03Z,0,0,0
Ugym_c5lkOfIEXQCWk94AaABAg,DAqKe8_ft6k,https://www.youtube.com/watch?v=DAqKe8_ft6k,"Бриджертоны (4 сезон) — Русский Трейлер (Дубляж, 2026)",@Victoria_qwerty555,"Для чего дразнить зрителей, если часть сезона выйдет через месяц",2025-12-31T23:01:08Z,0,0,0
Ugw6QrO5Ailp9i9ro2R4AaABAg,DAqKe8_ft6k,https://www.youtube.com/watch?v=DAqKe8_ft6k,"Бриджертоны (4 сезон) — Русский Трейлер (Дубляж, 2026)",@zhxset,"Знаете, лучше смотрите с субтитрами, ведь там совсем другой перевод ( это не хейт🫶🏻)",2026-01-05T17:28:40Z,0,0,0
UgyABunaA_Y8v7SpK5J4AaABAg,DAqKe8_ft6k,https://www.youtube.com/watch?v=DAqKe8_ft6k,"Бриджертоны (4 сезон) — Русский Трейлер (Дубляж, 2026)",@rosesdamon1707,"Мне понравились показанные ветки всех героев, кроме основных😂 как же замучила история золушки... Конечно, автор книг не мог знать, сколько интерпретаций на эту историю будет, но лично я смотреть буду чисто ради второстепенных персонажей.",2026-01-12T21:45:12Z,0,0,0
UgyrC2wkR4XICrXOX814AaABAg,DAqKe8_ft6k,https://www.youtube.com/watch?v=DAqKe8_ft6k,"Бриджертоны (4 сезон) — Русский Трейлер (Дубляж, 2026)",@БойКотМоды,🤣,2026-01-01T10:48:52Z,0,0,0
UgwjYZM0biclZz0WB9F4AaABAg,DAqKe8_ft6k,https://www.youtube.com/watch?v=DAqKe8_ft6k,"Бриджертоны (4 сезон) — Русский Трейлер (Дубляж, 2026)",@mariyaaxme4564,"О Господи из всех героев Бенидикту досталась классика жанра, он принц на белом коне, а она Золушка ❤ класс жду не дождусь ❤❤❤",2026-01-13T05:02:21Z,0,0,0
UgxPgSO-3NYar7kueb54AaABAg,DAqKe8_ft6k,https://www.youtube.com/watch?v=DAqKe8_ft6k,"Бриджертоны (4 сезон) — Русский Трейлер (Дубляж, 2026)",@1love-z1x,"Золушка??? Господи, за что 🤦‍♀Ну почему так сложно придумать что-то своё?",2025-12-28T18:36:45Z,0,0,0
Ugzn0tKr3gmVpXNV_9F4AaABAg,DAqKe8_ft6k,https://www.youtube.com/watch?v=DAqKe8_ft6k,"Бриджертоны (4 сезон) — Русский Трейлер (Дубляж, 2026)",@olesiya101010,Ну уже не очень интересно развиваются события. Ни какой загадки.,2026-01-05T15:18:59Z,0,0,0
UgwMdCec65kEpVwnklt4AaABAg,DAqKe8_ft6k,https://www.youtube.com/watch?v=DAqKe8_ft6k,"Бриджертоны (4 сезон) — Русский Трейлер (Дубляж, 2026)",@Houston_we_have_no_one_problem,"Просто снова история Золушки переложенная на Бриджертонов, скука",2026-01-13T19:06:23Z,0,0,0
UgyCpymXZePdcsJL21x4AaABAg,DAqKe8_ft6k,https://www.youtube.com/watch?v=DAqKe8_ft6k,"Бриджертоны (4 сезон) — Русский Трейлер (Дубляж, 2026)",@botanyanovichkova8248,Ужас,2026-01-02T02:56:49Z,0,0,0
UgxDfIfdNZIe4XlqNUZ4AaABAg,DAqKe8_ft6k,https://www.youtube.com/watch?v=DAqKe8_ft6k,"Бриджертоны (4 сезон) — Русский Трейлер (Дубляж, 2026)",@AlubikaSaraCrimea,"Внимание, спойлер)))",2025-12-26T20:33:17Z,0,0,0
UgzvwjThz17Tg9Rxog14AaABAg,DAqKe8_ft6k,https://www.youtube.com/watch?v=DAqKe8_ft6k,"Бриджертоны (4 сезон) — Русский Трейлер (Дубляж, 2026)",@ФедорецьВиктория,Скучно. І основна героїня не дуже красива.,2026-01-06T21:15:38Z,0,0,0
UgxWI2Th0JXZkiF8U514AaABAg,DAqKe8_ft6k,https://www.youtube.com/watch?v=DAqKe8_ft6k,"Бриджертоны (4 сезон) — Русский Трейлер (Дубляж, 2026)",@chocomilate,Почему моему любимому Бенедикту такая не красивая девушка 😢😖ну надеюсь сезон не подведет 🙏,2025-12-29T18:16:57Z,0,0,0
UgwnZ2ZisBZMCzaWcmp4AaABAg,l3TsQlXeD3w,https://www.youtube.com/watch?v=l3TsQlXeD3w,Психологические проблемы «Бриджертонов»,@Fiz_LICO_,"Мне больше всех нравились отношения Фанчески и Джона, они действительно самые реалистичные из всех. Думаю в реальности Дафна развелась бы, ее брат и его возлюбленная не смогли бы перешагнуть через себя и признаться в чувствах, а Пенелопа не стала бы рисковать удачным замужеством из-за безответной детской влюблённости.",2024-08-11T13:43:40Z,261,7,268
UgzV3AyczeMo_8KZUzF4AaABAg,l3TsQlXeD3w,https://www.youtube.com/watch?v=l3TsQlXeD3w,Психологические проблемы «Бриджертонов»,@MariaTheTutor,"Мне больше всего пока понравился 2 сезон про отношения Энтони и Кейт. Для меня это было до мурашек, игра актеров очень понравилась",2024-08-11T17:56:55Z,244,3,247
UgxUbE03ctZ2bkV-QKZ4AaABAg,l3TsQlXeD3w,https://www.youtube.com/watch?v=l3TsQlXeD3w,Психологические проблемы «Бриджертонов»,@sevilds8562,"Хаха только на моменте когда сказали «Уилсдаун» вместо «Уислдаун» вдруг поняла, что говорит человек, который на самом деле не смотрел сериал))",2024-08-12T05:39:20Z,168,2,170
Ugx9egmK5EMRjvvT-FV4AaABAg,l3TsQlXeD3w,https://www.youtube.com/watch?v=l3TsQlXeD3w,Психологические проблемы «Бриджертонов»,@vlesslgs6760,"По зову интроверта, а не по уведомлению",2024-08-11T09:01:19Z,164,1,165
UgydwHfItzapf3Mdy654AaABAg,l3TsQlXeD3w,https://www.youtube.com/watch?v=l3TsQlXeD3w,Психологические проблемы «Бриджертонов»,@aurorasmith9354,"Угараю с романтизации отношений Франчески и Джона учитывая то, что произойдёт дальше по сюжету в книгах.",2024-08-11T14:18:09Z,110,15,125
UgxbHCgZpTSzJfov-3R4AaABAg,l3TsQlXeD3w,https://www.youtube.com/watch?v=l3TsQlXeD3w,Психологические проблемы «Бриджертонов»,@Анастасия-х6б1и,"Лучше завести отношения со Шреком, чем с Халком...",2024-08-11T12:56:01Z,85,0,85
UgzWVcJdnq8BQccm0oN4AaABAg,l3TsQlXeD3w,https://www.youtube.com/watch?v=l3TsQlXeD3w,Психологические проблемы «Бриджертонов»,@mmithg,"обожаю пару Колина и Пенелопы, они такие настоящие, оба проходят путь взросления, оба реализовываются. в реализации Колина Пенелопа очень помогла, плработала над его путевыми заметками, очаровательно",2024-08-11T12:10:32Z,69,5,74
UgyWd1y6f1RAclQEdkh4AaABAg,l3TsQlXeD3w,https://www.youtube.com/watch?v=l3TsQlXeD3w,Психологические проблемы «Бриджертонов»,@kavialla,"Мне кажется, отношения Колина и Пенелопы вполне здоровые. Нет ничего странного, что до какого-то момента Колин воспринимал Пенелопу только как хорошего друга: они с раннего детства были близки по взглядам на жизнь, Колину было с ней очень приятно общаться, но выход из френд-зоны - это взгляд на отношения с совершенно другого ракурса. И Колин понял, что Пенелопа интересна ему не только как друг после их поцелуя, о котором она его попросила. Это был ровно тот толчок, который заставил его увидеть их психологическую близость иначе, чем близость друзей. Что же до его ревности к литературному успеху Пенелопы как леди Уислдаун, то тут тоже нет ничего удивительного. Весь этот сериал про то, что женщина - тоже человек. А в изображаемую эпоху эта идея была, мягко говоря, непопулярна. Колин был воспитан с установкой, что мужчина должен защищать, любить и оберегать свою жену. Плюс к тому, он третий сын в семье, то есть не наследует ни титул, ни ответственность. Он с первого сезона ищет себя, пытается найти своё место в жизни. И вот, вроде, нашёл, у него получается писать. И тут выясняется, что любимая женщина, мало того, что лгала ему, так ещё и превосходит его именно по литературному таланту, сама сделала себе имя, сама заработала деньги, сама может о себе позаботиться. Его неготовность принять такое положение ни разу не говорит о его эгоизме - она более, чем естественна. И то, что в конечном итоге он находит баланс между своим я и я его возлюбленной делает его ещё более достойным уважения.
В общем, история Колина и Пенелопы мне показалась самой красивой и самой естественной: их проблемы не были киношными и они смогли их по-взрослому решить.",2024-08-14T15:23:28Z,61,2,63
UgzIEf48h197HecmrA54AaABAg,l3TsQlXeD3w,https://www.youtube.com/watch?v=l3TsQlXeD3w,Психологические проблемы «Бриджертонов»,@Elena-gg9gc,"Уважаемый канал Правое полушарие интроверта, сделайте, пожалуйста, психологический разбор главных героев сериала Сваты.",2024-08-11T13:51:42Z,57,1,58
Ugx0pTAaBxvKvo2xgpV4AaABAg,l3TsQlXeD3w,https://www.youtube.com/watch?v=l3TsQlXeD3w,Психологические проблемы «Бриджертонов»,@idivi-uu6cb,"Ну, под шумок, может быть ещё и Дневники Вампира разобрать?! 😅
Жду разбора больше не ГГ, а второстепенных. 
Спасибо, за Бриджертонов",2024-08-11T17:07:08Z,56,0,56
UgxwNykL3TgL_Hf6dxd4AaABAg,l3TsQlXeD3w,https://www.youtube.com/watch?v=l3TsQlXeD3w,Психологические проблемы «Бриджертонов»,@aleja4774,самая химичная это виконт и кейт. они прям вааах,2024-08-12T10:42:43Z,35,1,36
UgyYOL7lITZ2Kzu73GF4AaABAg,l3TsQlXeD3w,https://www.youtube.com/watch?v=l3TsQlXeD3w,Психологические проблемы «Бриджертонов»,@tanyalukyanova4627,"Дафна и Саймон- ничего здорового с ее стороны нет. Типичный треугольник Карпмана, она постоянно его пытается спасти, он убегает, при этом изначально он ее спасал. У них то как раз про созависимость. Энтони и Кейт- изначально его всемогущий контроль появился из за того, что он не смог спасти отца, поэтому стал максимально все контролировать. С Кейт у них типичная избегающая привязанность. Не лезть туда, где больно, мне и одному хорошо. Отсюда все его увлечения, которые изначально не могли причинить ему боль (актриса в первом сезоне). Попользовался и все. У Кейт точно также, тем более мать умерла и отец. А Франческа и ее муж, два интроверта. Поэтому им и кайфово молчать и быть в стороне от всех. И жить отшельниками.",2024-08-12T04:05:47Z,31,0,31
UgzYTQmAdCVJLBri9eF4AaABAg,l3TsQlXeD3w,https://www.youtube.com/watch?v=l3TsQlXeD3w,Психологические проблемы «Бриджертонов»,@orngtlp,"Странно, что отношениям Колина и Пенелопы уделили пару минут поверхностного анализа. Возможно, слияние и правда имело место в их отношениях, но разве это всё? Не упомянуты психологические особенности самого интересного и морально серого персонажа Пенелопы. Не упомянуто, как её альтер-эго оказывало долгосрочное влияние на Колина, на его травму. Не упомянуто то, что делает их пару такой особенной: то, что они знают друг друга долгие годы, способны к глубокому комфортному общению и разделяют ценности друг друга. В отличие от предыдущих пар, у них есть общий бэкграунд. Хотелось бы больше внимания к деталям.",2024-08-20T20:17:17Z,26,0,26
UgyyHKN3BjPMxzclc2V4AaABAg,l3TsQlXeD3w,https://www.youtube.com/watch?v=l3TsQlXeD3w,Психологические проблемы «Бриджертонов»,@emmaw7955,Ждём философию Учихи Мадары и Учихи Обито день 127,2024-08-11T10:15:41Z,22,0,22
Ugw8osfjGM8R7CfUf-l4AaABAg,l3TsQlXeD3w,https://www.youtube.com/watch?v=l3TsQlXeD3w,Психологические проблемы «Бриджертонов»,@cupoflizzieolsen,"КАК Я ЖДАЛА хахах!! спасибо, лучший канал💗💗",2024-08-11T09:07:38Z,17,0,17
Ugw6iZvWh0lNArZTGdl4AaABAg,l3TsQlXeD3w,https://www.youtube.com/watch?v=l3TsQlXeD3w,Психологические проблемы «Бриджертонов»,@kansera4421,"Любимый сериал, нового ничего не услышала, но смотреть было приятно😂",2024-08-11T11:37:08Z,15,0,15
UgwCgM25HJavT4hWHoJ4AaABAg,l3TsQlXeD3w,https://www.youtube.com/watch?v=l3TsQlXeD3w,Психологические проблемы «Бриджертонов»,@KINTRIX_I,"Только вчера досмотрела 3й сезон, обожать❤️",2024-08-11T09:16:43Z,15,0,15
UgyugIczsOCI3ZkVWKF4AaABAg,l3TsQlXeD3w,https://www.youtube.com/watch?v=l3TsQlXeD3w,Психологические проблемы «Бриджертонов»,@АлимаХапаева-м7э,"Ну блиин, ждала ,что персонажей отдельно будут разбирать, и я послушаю про Элоиз 😢",2024-08-12T09:16:20Z,14,0,14
Ugzbp4_l_RsNLk01ZJJ4AaABAg,l3TsQlXeD3w,https://www.youtube.com/watch?v=l3TsQlXeD3w,Психологические проблемы «Бриджертонов»,@sousbad9903,"Когда психологические проблемы персонажей ""Бесконечного лета""??? У вас же идеальная аудитория для этого, разве нет?",2024-08-11T09:32:08Z,13,1,14
Ugy_ilRNllZnfFBODAB4AaABAg,l3TsQlXeD3w,https://www.youtube.com/watch?v=l3TsQlXeD3w,Психологические проблемы «Бриджертонов»,@ididudornzheishis_77,"пожалуйста, залайкайте этот комм,что бы правое полушарие сделали видео про черепашек ниндзя, или об убедительном мире гамбола, психо разбор персонажей😩🙏🏻🙏🏻🙏🏻🙏🏻",2024-08-11T15:27:21Z,12,0,12
UgwQ57dYdMl_uMunx0J4AaABAg,l3TsQlXeD3w,https://www.youtube.com/watch?v=l3TsQlXeD3w,Психологические проблемы «Бриджертонов»,@dinarakyzyken5772,Обожаю Колина и Пенелопу ❤,2024-08-12T14:17:26Z,10,0,10
Ugyxxz8OGb9hDPhF2q54AaABAg,l3TsQlXeD3w,https://www.youtube.com/watch?v=l3TsQlXeD3w,Психологические проблемы «Бриджертонов»,@LeeraLightwood,ОПАЧКИ КАК НЕОЖИДАННО И ПРИЯТНО,2024-08-11T11:21:44Z,9,0,9
Ugzu5BND1JxPWKADNZ14AaABAg,l3TsQlXeD3w,https://www.youtube.com/watch?v=l3TsQlXeD3w,Психологические проблемы «Бриджертонов»,@Tashimura_eto,"Эх, хотелось чтобы Вы сделали разбор Зимородка...(Моя бабушка любит смотреть этот сериал. Мне он тоже понравился, хотть там и много драмы)",2024-08-11T13:22:21Z,9,0,9
Ugx7WExw5aMaspGoqWV4AaABAg,l3TsQlXeD3w,https://www.youtube.com/watch?v=l3TsQlXeD3w,Психологические проблемы «Бриджертонов»,@ronnok_0,"Жду ""Психологические проблемы героев ""Бесконечного лета"" уже 250 дней, залайкайте, чтобы админы ППИ увидели пж",2024-08-11T13:47:34Z,8,1,9
UgxJk8wt8pJ7rS6Ea3R4AaABAg,l3TsQlXeD3w,https://www.youtube.com/watch?v=l3TsQlXeD3w,Психологические проблемы «Бриджертонов»,@Tlennny,Оууу Бриджертоны 😍,2024-08-11T12:53:46Z,8,0,8
UgxQj8-clFmYkg84wFB4AaABAg,l3TsQlXeD3w,https://www.youtube.com/watch?v=l3TsQlXeD3w,Психологические проблемы «Бриджертонов»,@PhDTerryDj,Смотрю раньше уведомлений❤,2024-08-11T09:11:02Z,8,0,8
Ugw6_aaLbBaVSfX-Cql4AaABAg,l3TsQlXeD3w,https://www.youtube.com/watch?v=l3TsQlXeD3w,Психологические проблемы «Бриджертонов»,@МилленаСаар,леди Уилсдаун? Да уж,2024-08-11T10:03:28Z,8,0,8
UgyW8iCb96vRV-3uQ3V4AaABAg,l3TsQlXeD3w,https://www.youtube.com/watch?v=l3TsQlXeD3w,Психологические проблемы «Бриджертонов»,@Elizabeth-e9l4r,"отличное видео, пожалуйста🙏 какой лучший и самый простой способ торговать криптовалютами новичку, чтобы минимизировать потери?....",2024-08-11T09:51:17Z,5,3,8
UgxwveQr4DTu4FEghbN4AaABAg,l3TsQlXeD3w,https://www.youtube.com/watch?v=l3TsQlXeD3w,Психологические проблемы «Бриджертонов»,@Mr_cheese1,Можно видео про философию Терри Прачетта и Лавкрафта?,2024-08-11T09:44:26Z,7,0,7
UgxjhYD9wrpA2_3LvQx4AaABAg,l3TsQlXeD3w,https://www.youtube.com/watch?v=l3TsQlXeD3w,Психологические проблемы «Бриджертонов»,@МефодийБуслаев-н2е,Пенелопа и Колин ван лав ❤❤❤,2024-09-05T20:23:44Z,6,0,6
UgyUCPqdRGwbNUgkrAJ4AaABAg,l3TsQlXeD3w,https://www.youtube.com/watch?v=l3TsQlXeD3w,Психологические проблемы «Бриджертонов»,@alexangelo1998,"А был ли у вас на канале разбор отношений персонажей сериала СашаТаня? На других каналах часто говорят, что у них нездоровые отношения",2024-08-11T14:05:44Z,6,0,6
Ugyc3nV0arNjNFn8xrh4AaABAg,l3TsQlXeD3w,https://www.youtube.com/watch?v=l3TsQlXeD3w,Психологические проблемы «Бриджертонов»,@altheya.mirren,"На самом деле сериал ""Бриджертоны"" для меня пример того, как нужно строить отношения и просто любить своих близких
Я видела в героях отражение своих проблем, переживаний и то, как они с ними справлялись. Можно сказать, что сериал носит своеобразный терапевтический характер
Прекрасный сериал, очень глубокий и интересный",2024-08-18T13:53:32Z,5,1,6
UgwaOthocIdBg0Mz2fd4AaABAg,l3TsQlXeD3w,https://www.youtube.com/watch?v=l3TsQlXeD3w,Психологические проблемы «Бриджертонов»,@Rachel-FlyingBird,"голос озвучки такой успокаивающий, ощущение что я поверю всему что он говорит",2024-09-22T14:48:45Z,5,0,5
UgzWOY0RufZbiDwC7Sh4AaABAg,l3TsQlXeD3w,https://www.youtube.com/watch?v=l3TsQlXeD3w,Психологические проблемы «Бриджертонов»,@ВолодимирДанильчук-ч6р,"много темнокожих актеров. Это осовременивание  старого общества или среди аристократов Англии действительно были темнокожие люди? я не расист, просто интересно",2024-08-11T13:37:27Z,2,3,5
UgwBnmWc2eloMNHw2dR4AaABAg,l3TsQlXeD3w,https://www.youtube.com/watch?v=l3TsQlXeD3w,Психологические проблемы «Бриджертонов»,@calypso_228,"Мерзость переписывать историю . кто виноват ,что их предки на полях работали  . Для чего щас везде пытаются преподнести , будто чернокожие все придумали и все создали ...",2024-08-11T10:21:28Z,2,3,5
UgwixwPka0Zb-ua12NZ4AaABAg,l3TsQlXeD3w,https://www.youtube.com/watch?v=l3TsQlXeD3w,Психологические проблемы «Бриджертонов»,@Ranka-y1v,"Интересно, чтобы посмотреть это видео, мне пришлось посмотреть сериал...",2024-08-19T15:12:05Z,4,0,4
UgwITcqkPXqVVe8faNd4AaABAg,l3TsQlXeD3w,https://www.youtube.com/watch?v=l3TsQlXeD3w,Психологические проблемы «Бриджертонов»,@TheMarinka11,Шикарно объяснили,2024-08-11T12:14:05Z,4,0,4
UgxP--7JwR_IA6wMVSp4AaABAg,l3TsQlXeD3w,https://www.youtube.com/watch?v=l3TsQlXeD3w,Психологические проблемы «Бриджертонов»,@Ostapi4,Прикольно,2024-08-11T09:07:57Z,4,0,4
UgwwR3xqh5cuAGTHuB14AaABAg,l3TsQlXeD3w,https://www.youtube.com/watch?v=l3TsQlXeD3w,Психологические проблемы «Бриджертонов»,@ИринаПагубко,"Колин и Пенелопа раздражают. Вместо того, чтобы выбрать нормального мужчину, она выбрала бабника",2024-08-11T16:59:05Z,2,2,4
UgxCeAnoSLywb69PddZ4AaABAg,l3TsQlXeD3w,https://www.youtube.com/watch?v=l3TsQlXeD3w,Психологические проблемы «Бриджертонов»,@missmarple8241,Энтони и Кейт - просто бомбически горячи ❤❤❤,2025-06-30T14:49:58Z,3,0,3
UgytnixOOcGOiB-wxXp4AaABAg,l3TsQlXeD3w,https://www.youtube.com/watch?v=l3TsQlXeD3w,Психологические проблемы «Бриджертонов»,@АдинаАлтынбек-ж1м,"Каждый из сезонов показывает популярные, даже заежанные тропы. Ну кроме Франчески и лорда Стерлинга.",2024-09-18T13:44:19Z,3,0,3
UgwJBJjF667mRuCPgvd4AaABAg,l3TsQlXeD3w,https://www.youtube.com/watch?v=l3TsQlXeD3w,Психологические проблемы «Бриджертонов»,@ЭляМарт-ь8е,"Можно, пожалуйста, психологию Макса Фрая?",2024-08-12T20:26:17Z,3,0,3
UgxgL9t6Pd0kjnTo43Z4AaABAg,l3TsQlXeD3w,https://www.youtube.com/watch?v=l3TsQlXeD3w,Психологические проблемы «Бриджертонов»,@dashasakura2748,Ого я первая,2024-08-11T09:01:14Z,3,0,3
UgxXevIjfyL0_GpJdv54AaABAg,l3TsQlXeD3w,https://www.youtube.com/watch?v=l3TsQlXeD3w,Психологические проблемы «Бриджертонов»,@Bird-x9u,"Франческа и Джон с сериале самые нормальные, поэтому мне они больше всех нравятся)) остальные все с тараканами в голове 🤪.",2024-08-11T17:52:23Z,3,0,3
UgxA10thr8GA5xi0vqR4AaABAg,l3TsQlXeD3w,https://www.youtube.com/watch?v=l3TsQlXeD3w,Психологические проблемы «Бриджертонов»,@S.Julinika,"три сезона нескончаемого кринжа)) почему у этого сериала такая фанбаза? моя бабушка читала такие эротические романы, по мотивам которых снят этот сериал. умора)))",2024-09-06T10:59:30Z,1,2,3
UgwgD_aVmtWRa3DpX994AaABAg,l3TsQlXeD3w,https://www.youtube.com/watch?v=l3TsQlXeD3w,Психологические проблемы «Бриджертонов»,@cheburashka9552,"Когда друг решает встретиться с тобой ты меняешь ради него свои планы, а потом он резко все отменяет из-за максимально глупой причины по типу я уже пошел в гости к брату. Как его убить так чтобы он не обиделся?",2024-08-14T06:25:55Z,2,0,2
UgwM1cp50c3yXlaBPdd4AaABAg,l3TsQlXeD3w,https://www.youtube.com/watch?v=l3TsQlXeD3w,Психологические проблемы «Бриджертонов»,@ANZ-zw5xi,ураооара,2024-08-11T09:26:06Z,2,0,2
UgzNlh09MK0PjZwqrTp4AaABAg,l3TsQlXeD3w,https://www.youtube.com/watch?v=l3TsQlXeD3w,Психологические проблемы «Бриджертонов»,@UlpanKurman,Игра престолов,2024-08-12T09:23:10Z,2,0,2
UgwllVWZdFBaUze-sTF4AaABAg,l3TsQlXeD3w,https://www.youtube.com/watch?v=l3TsQlXeD3w,Психологические проблемы «Бриджертонов»,@prostodurdona,Самая адекватная и здоровая пара - Франческа и Джон. Они мои фавориты ❤,2024-08-12T17:53:59Z,0,2,2
Ugw8NTAF0vT7pNydJMd4AaABAg,l3TsQlXeD3w,https://www.youtube.com/watch?v=l3TsQlXeD3w,Психологические проблемы «Бриджертонов»,@KomiIa,а какое именно расстройство было у короля Георга?,2024-08-24T05:00:45Z,1,1,2
UgwE8kECew6oXMpAYWR4AaABAg,l3TsQlXeD3w,https://www.youtube.com/watch?v=l3TsQlXeD3w,Психологические проблемы «Бриджертонов»,@katarina2780,так меня раздражает актриса играющая Пенелопу что не могу себя заставить 3 сезон посмотреть. А ведь в книге у них была милая история,2024-08-12T08:38:38Z,2,0,2
UgwNKi_UB63A8O8Qp9t4AaABAg,l3TsQlXeD3w,https://www.youtube.com/watch?v=l3TsQlXeD3w,Психологические проблемы «Бриджертонов»,@ИннаЧудновская-ф8ц,"Обожаю все пары, кроме Колина и Пен. Они меня оба так раздражали. Пен — эгоистичная до мозга костей, подставила другую девушку чтобы получить парня + в целом рассказывала секреты всех, преследуя свои цели, и при этом ждала, что Колин примет ее с ее секретом. А Колин — тем как относился к Пен все время до того, как узнал секрет.",2025-06-24T14:50:29Z,0,2,2
UgyOFItry7PdqFD387h4AaABAg,l3TsQlXeD3w,https://www.youtube.com/watch?v=l3TsQlXeD3w,Психологические проблемы «Бриджертонов»,@missmarple8241,Мне больше всего понравился 3 сезон,2025-06-30T14:43:41Z,1,0,1
UgxvQckQ4BZicaaBg514AaABAg,l3TsQlXeD3w,https://www.youtube.com/watch?v=l3TsQlXeD3w,Психологические проблемы «Бриджертонов»,@Dr.Mironova,Прелесть кака́я😍,2024-08-11T11:26:14Z,1,0,1
UgwIlw1Mb1gJwCbr_M94AaABAg,l3TsQlXeD3w,https://www.youtube.com/watch?v=l3TsQlXeD3w,Психологические проблемы «Бриджертонов»,@user-fuzer259,"Ураа, спасибо🎉",2024-08-11T10:19:41Z,1,0,1
UgxP2x6fk111DWRHPqh4AaABAg,l3TsQlXeD3w,https://www.youtube.com/watch?v=l3TsQlXeD3w,Психологические проблемы «Бриджертонов»,@Lesya_Olesya1910,"Не смотрела😂😂, но надеюсь хотябы Обзор",2024-08-11T10:42:48Z,1,0,1
UgytkfabW_5IYycGl5N4AaABAg,l3TsQlXeD3w,https://www.youtube.com/watch?v=l3TsQlXeD3w,Психологические проблемы «Бриджертонов»,@danilabratk2362,"Подскажите  пожалуйста канал ""левое полушарие интроверта"" это  проект ППИ?",2024-08-14T05:18:37Z,1,0,1
Ugy2OTg2fTX_Pq8gVW54AaABAg,l3TsQlXeD3w,https://www.youtube.com/watch?v=l3TsQlXeD3w,Психологические проблемы «Бриджертонов»,@SvetlanaOvsepyan,"Здравствуйте, а можно пожалуйста разбор героев из сериала ""Зимородок""?",2024-08-12T13:25:25Z,1,0,1
UgzVLiV4XLjG0hGRbk14AaABAg,l3TsQlXeD3w,https://www.youtube.com/watch?v=l3TsQlXeD3w,Психологические проблемы «Бриджертонов»,@ЮлианнаПак-г4з,Можно ли видео про одержимость быть худой и стремление к прекрасному. Булимия и анорексия вроде есть в канала но не так сильно раскрыто,2024-08-11T17:43:03Z,1,0,1
UgzRFaffsGRJniBfIId4AaABAg,l3TsQlXeD3w,https://www.youtube.com/watch?v=l3TsQlXeD3w,Психологические проблемы «Бриджертонов»,@chilllovesyou,"Интроверт, пожалуйста, сделай разбор вопроса ""Почему живые спят?"" из сюжетки Пенаконии в Honkai: Star Rail",2024-08-14T18:41:36Z,1,0,1
UgxaU32l5nobfpTLMNR4AaABAg,l3TsQlXeD3w,https://www.youtube.com/watch?v=l3TsQlXeD3w,Психологические проблемы «Бриджертонов»,@AnastasiaNova-f4z,"Не понимаю восторгов в адрес Франчески и Джона. Два унылых , необщительных интроверта, их «роман» настолько же унылый как и они сами. С ужасом представляю какой у них будет брак, наверное разговаривать они будут 1 раз в полгода и спать в разных концах дома. 🤣",2025-05-26T14:59:12Z,0,1,1
UgwhfluMn0PJc6Lo7N14AaABAg,l3TsQlXeD3w,https://www.youtube.com/watch?v=l3TsQlXeD3w,Психологические проблемы «Бриджертонов»,@valeryromanoff-pu5th,Мне одной не нравится пара Энтони и Кейт?..,2024-09-20T23:41:37Z,1,0,1
UgxOQnQxof-lELQ3U554AaABAg,l3TsQlXeD3w,https://www.youtube.com/watch?v=l3TsQlXeD3w,Психологические проблемы «Бриджертонов»,@orinanearina,Спасибо за прекрасный разбор! Обожаю ваши видео 🥹💚,2025-06-21T15:12:20Z,0,0,0
UgyREyshe9X5fXSfSXl4AaABAg,l3TsQlXeD3w,https://www.youtube.com/watch?v=l3TsQlXeD3w,Психологические проблемы «Бриджертонов»,@polinnetfen,"Спасибо большое за это видео, ждала, когда на ютубе кто-то выпустит видео, про все отношения в Бриджертонах, это видео очень подробно и понятно описал все отношения, как круто, что вы его выпустили 😊❤",2024-08-24T11:59:06Z,0,0,0
UgwgkvzUZSvXjobBxUR4AaABAg,l3TsQlXeD3w,https://www.youtube.com/watch?v=l3TsQlXeD3w,Психологические проблемы «Бриджертонов»,@АлинаИгорь27,Классное видео👍👍👍,2024-09-04T03:43:24Z,0,0,0
Ugy9EzDT677y19i2JOJ4AaABAg,l3TsQlXeD3w,https://www.youtube.com/watch?v=l3TsQlXeD3w,Психологические проблемы «Бриджертонов»,@kseniiam4067,Офигенно,2024-08-11T13:49:21Z,0,0,0
UgwmpSeysMMFLRBw-td4AaABAg,l3TsQlXeD3w,https://www.youtube.com/watch?v=l3TsQlXeD3w,Психологические проблемы «Бриджертонов»,@Ксеноморф-к2в,Так то шрек круче халка как партнер.,2024-12-15T16:52:11Z,0,0,0
UgxzeBOYU4pK5_XBN354AaABAg,l3TsQlXeD3w,https://www.youtube.com/watch?v=l3TsQlXeD3w,Психологические проблемы «Бриджертонов»,@user-ts8gr9zx3k,Франческа и Джон моя любимая пара☺️,2024-12-24T11:33:58Z,0,0,0
UgwRNjUDKp6OlGi03bh4AaABAg,l3TsQlXeD3w,https://www.youtube.com/watch?v=l3TsQlXeD3w,Психологические проблемы «Бриджертонов»,@natkusya,"Также Франческа, которая оказалась лесбиянкой и в конце сериала это показано🤗",2024-08-31T15:47:23Z,0,0,0
Ugy_QV7bDce3jJakas94AaABAg,l3TsQlXeD3w,https://www.youtube.com/watch?v=l3TsQlXeD3w,Психологические проблемы «Бриджертонов»,@Yneze777,Сделайте пожалуйста разбор персонажей «Нана» манга/аниме🙏,2024-08-15T12:34:02Z,0,0,0
UgzJDm95DHuo97sk0yB4AaABAg,l3TsQlXeD3w,https://www.youtube.com/watch?v=l3TsQlXeD3w,Психологические проблемы «Бриджертонов»,@olgatorrop,"Не нашла это видео приложении, а на ютюбе не грузит:(",2024-08-11T18:57:53Z,0,0,0
UgwdyIQjxAN358R1EMR4AaABAg,l3TsQlXeD3w,https://www.youtube.com/watch?v=l3TsQlXeD3w,Психологические проблемы «Бриджертонов»,@nadico1997,Хюррем и Ибрагим,2024-08-12T15:19:08Z,0,0,0
UgyeSwQUEwmJtCwdcC94AaABAg,l3TsQlXeD3w,https://www.youtube.com/watch?v=l3TsQlXeD3w,Психологические проблемы «Бриджертонов»,@yolow8990,Когда будут психологические проблемы героев Сватов?,2024-08-14T19:25:00Z,0,0,0
Ugxsppbbu8h2wlqpTQR4AaABAg,l3TsQlXeD3w,https://www.youtube.com/watch?v=l3TsQlXeD3w,Психологические проблемы «Бриджертонов»,@DUTCHVANDERLİNDE-v1j,Чьи проблемы важнее свои или чужие?,2024-08-15T12:20:38Z,0,0,0
UgydM6wcV3RUKJmXb3V4AaABAg,l3TsQlXeD3w,https://www.youtube.com/watch?v=l3TsQlXeD3w,Психологические проблемы «Бриджертонов»,@Cyber-Maus,Лосяяяяяяш❤❤❤,2024-08-17T17:06:09Z,0,0,0
Ugz-4N4zlzTliQvfVl14AaABAg,l3TsQlXeD3w,https://www.youtube.com/watch?v=l3TsQlXeD3w,Психологические проблемы «Бриджертонов»,@Razortongue,"а в этом сериале есть нормальные пары? спасибо, не буду смотреть.",2024-08-12T13:51:57Z,0,0,0
Ugzz-JBVOTo9l0aHEM54AaABAg,l3TsQlXeD3w,https://www.youtube.com/watch?v=l3TsQlXeD3w,Психологические проблемы «Бриджертонов»,@TT-ce9sm,Смотрела на английском. Как же ужасна русская озвучка. 🙉,2024-08-14T12:13:33Z,0,0,0
Ugw0j-1Jl1ZOnp3xFa14AaABAg,l3TsQlXeD3w,https://www.youtube.com/watch?v=l3TsQlXeD3w,Психологические проблемы «Бриджертонов»,@unniediary1995,Я посмотрела до 8.04 и решила сначала досмотреть 3-ий сезон и вернуться к разбору. НО ГДЕ БЫЛА ИХ ЛИНИЯ? Может я серию пропустила? Откуда эта часть про Шарлоту и Георга???,2025-11-15T10:36:35Z,0,0,0
UgyPSalpkdc43dEnLU54AaABAg,6pS2sNwkFmQ,https://www.youtube.com/watch?v=6pS2sNwkFmQ,«Бриджертоны»: реальный возраст актёров сериала,@ПолинаИнородцева,Кейт Шарма вроде бы около 26 лет по сериалу,2024-06-14T14:14:44Z,152,1,153
Ugx6gq8J0KAoC7MspwV4AaABAg,6pS2sNwkFmQ,https://www.youtube.com/watch?v=6pS2sNwkFmQ,«Бриджертоны»: реальный возраст актёров сериала,@ЕленаАбасова-и2ы,"Я вообще в шоке что Николе 37
Выглядит она шикарно на свой возраст, хотя полнота обычно добавляет года, но тут совершенно  по-другому 😅",2026-01-02T16:25:22Z,38,0,38
UgzH2ELdQU2Zu6r7wel4AaABAg,6pS2sNwkFmQ,https://www.youtube.com/watch?v=6pS2sNwkFmQ,«Бриджертоны»: реальный возраст актёров сериала,@marimar337,"Кейт 26, Энтони 29",2025-07-21T19:55:05Z,31,0,31
UgwsfxlDX_uj__Gvqap4AaABAg,6pS2sNwkFmQ,https://www.youtube.com/watch?v=6pS2sNwkFmQ,«Бриджертоны»: реальный возраст актёров сериала,@linavenitar4972,"Я с одной стороны в шоке, а с другой тот же случай: в свои 26 принимают за подростка😅
С Элоизы в восторге, мне очень понравился ее типаж❤.
И все же с возратными, но моложавыми актерами работать лучше (тем более, если они объективно выглядят юно), у них больше опыта как актерского, так и жизненного, чтобы играть те или иные сцены (тем более постельные)",2024-11-18T19:03:21Z,22,0,22
UgxN0g_VC2beq_AuwVB4AaABAg,6pS2sNwkFmQ,https://www.youtube.com/watch?v=6pS2sNwkFmQ,«Бриджертоны»: реальный возраст актёров сериала,@allagalliamova,"Какая разница, сколько актёрам лет-самое главное, они прекрасно играют в свои роли",2025-03-30T11:12:08Z,17,0,17
UgzFrGxGlGtkh1-12gZ4AaABAg,6pS2sNwkFmQ,https://www.youtube.com/watch?v=6pS2sNwkFmQ,«Бриджертоны»: реальный возраст актёров сериала,@Ооо-ъ5д,ну в 34 играть 19летню это треш просто. да еще все это транслируется на неокрепшие подростковые ум и рождает кучу комплексов!,2024-06-16T07:29:59Z,12,1,13
UgwR2PJiCOyTMzaejFF4AaABAg,6pS2sNwkFmQ,https://www.youtube.com/watch?v=6pS2sNwkFmQ,«Бриджертоны»: реальный возраст актёров сериала,@megggi,"Жаль Джонатан не любит девушек, красивый",2024-06-15T05:36:03Z,11,1,12
UgyIb_vzs0-1WUgtDlJ4AaABAg,6pS2sNwkFmQ,https://www.youtube.com/watch?v=6pS2sNwkFmQ,«Бриджертоны»: реальный возраст актёров сериала,@Messa-z,"ЕЙ 37....
ЧЕГОООТ",2024-06-19T12:16:31Z,11,0,11
Ugyy5woQs8wiHk07p254AaABAg,6pS2sNwkFmQ,https://www.youtube.com/watch?v=6pS2sNwkFmQ,«Бриджертоны»: реальный возраст актёров сериала,@КристиМ-м4к,Космические,2024-06-14T18:29:28Z,8,0,8
Ugz8vC0vZez4Ceqr-854AaABAg,6pS2sNwkFmQ,https://www.youtube.com/watch?v=6pS2sNwkFmQ,«Бриджертоны»: реальный возраст актёров сериала,@ShaoAsel,"Думаю подбирали так, чтоб в будущем, когда персонажи станут старше , актеры были соответственного возраста",2025-06-27T16:04:31Z,7,0,7
UgwIzrd4Xah3oThFwmp4AaABAg,6pS2sNwkFmQ,https://www.youtube.com/watch?v=6pS2sNwkFmQ,«Бриджертоны»: реальный возраст актёров сериала,@ЮляБоднар-с5р,Получается пышные платья молодят 😅,2026-01-09T22:59:49Z,2,0,2
UgxDjTp1EtyJY66zEQN4AaABAg,6pS2sNwkFmQ,https://www.youtube.com/watch?v=6pS2sNwkFmQ,«Бриджертоны»: реальный возраст актёров сериала,@МариамАбдуллаева-й4ъ,Я в шоке,2024-06-14T16:09:00Z,2,0,2
Ugyv71_gcjr4MO5CRIN4AaABAg,6pS2sNwkFmQ,https://www.youtube.com/watch?v=6pS2sNwkFmQ,«Бриджертоны»: реальный возраст актёров сериала,@Hunter-f3i,Почему они все старше своего возраста выглядят?,2024-06-17T16:40:42Z,1,0,1
UgwxRvB9vCyHJdj0sbZ4AaABAg,6pS2sNwkFmQ,https://www.youtube.com/watch?v=6pS2sNwkFmQ,«Бриджертоны»: реальный возраст актёров сериала,@ElenaLiubkina,А почему они полуголые?😂На красивый и стильный наряд денег не хватает 😂,2024-06-29T01:08:01Z,1,0,1
UgwEUc2WYl9OaCGdabx4AaABAg,6pS2sNwkFmQ,https://www.youtube.com/watch?v=6pS2sNwkFmQ,«Бриджертоны»: реальный возраст актёров сериала,@dilyafruzic,"Раньше люди старше выглядели, это оправдано",2026-01-02T02:31:40Z,0,0,0
UgxC-VboYi-bgpLepbV4AaABAg,6pS2sNwkFmQ,https://www.youtube.com/watch?v=6pS2sNwkFmQ,«Бриджертоны»: реальный возраст актёров сериала,@Ellie_Mo,Франческа потрясающе красива! Я любовалась ей 😍,2026-01-08T00:37:14Z,0,0,0
UgxI7fVrQIaszN4s2YR4AaABAg,6pS2sNwkFmQ,https://www.youtube.com/watch?v=6pS2sNwkFmQ,«Бриджертоны»: реальный возраст актёров сериала,@ravenazima,Филлипа какая красивая,2026-01-04T22:53:22Z,0,0,0
UgyZA3P_5vCCjO6D15R4AaABAg,6pS2sNwkFmQ,https://www.youtube.com/watch?v=6pS2sNwkFmQ,«Бриджертоны»: реальный возраст актёров сериала,@iyka_Iya,"Простите, но куда смотрели люди, когда дали надеть Джессике Мэдсен ""это""?",2026-01-07T18:13:40Z,0,0,0
UgxyIs4Gmz47B8_Da9x4AaABAg,EmV9oG1hzBo,https://www.youtube.com/watch?v=EmV9oG1hzBo,Кто твой любимый Бриджертон? 😍 #бриджертоны #любовь #ревность #сериал #нетфликс,@panasony.,"Заметила такую деталь: что Саймон, что Энтони просто смотрят, а Колин подошёл и забрал Пенелопу на танец😅",2024-06-18T21:51:42Z,218,5,223
UgyZgXMGXqoVoY_QUcl4AaABAg,EmV9oG1hzBo,https://www.youtube.com/watch?v=EmV9oG1hzBo,Кто твой любимый Бриджертон? 😍 #бриджертоны #любовь #ревность #сериал #нетфликс,@alesafetisova828,"Самый любимый Энтони❤❤❤. Особенно в тот момент когда Кейт ужалила пчела и он подумал, что она умрет также как его отец у него на глазах (считаю сцену со смертью отца Бриджертонов и когда Виолетта рожала 8 ребёнка одной из самых сильных сцен)😭😭😭",2025-09-19T17:20:17Z,41,0,41
Ugx_jfA9F6-n_aNmVPt4AaABAg,EmV9oG1hzBo,https://www.youtube.com/watch?v=EmV9oG1hzBo,Кто твой любимый Бриджертон? 😍 #бриджертоны #любовь #ревность #сериал #нетфликс,@jainsicvel4471,"Саймон и Дафна, 1 сезон не смог превзойти никто❤",2024-07-11T15:00:53Z,33,0,33
Ugw-PFRx-JAtOxpCDyN4AaABAg,EmV9oG1hzBo,https://www.youtube.com/watch?v=EmV9oG1hzBo,Кто твой любимый Бриджертон? 😍 #бриджертоны #любовь #ревность #сериал #нетфликс,@SevaraDjabbarova,Энтони 😍😍😍он прожигает взглядом . Вообще мой самый любимый сезон это второй ),2025-09-30T18:53:25Z,28,0,28
Ugz3J7RnUIg-AvNdF0J4AaABAg,EmV9oG1hzBo,https://www.youtube.com/watch?v=EmV9oG1hzBo,Кто твой любимый Бриджертон? 😍 #бриджертоны #любовь #ревность #сериал #нетфликс,@ИванИванов-м5н1щ,Энтони никто не сможет превзойти,2025-04-13T13:12:34Z,21,0,21
UgzfoDc_eKFpk5uT5AB4AaABAg,EmV9oG1hzBo,https://www.youtube.com/watch?v=EmV9oG1hzBo,Кто твой любимый Бриджертон? 😍 #бриджертоны #любовь #ревность #сериал #нетфликс,@МәрмәрМахмудова,Кейт и Энтони самые лучшие❤,2025-05-30T12:07:46Z,14,0,14
UgwcW6YEdDuF0F2QsR94AaABAg,EmV9oG1hzBo,https://www.youtube.com/watch?v=EmV9oG1hzBo,Кто твой любимый Бриджертон? 😍 #бриджертоны #любовь #ревность #сериал #нетфликс,@user-jg6qc4wm8j,Энтони и Колин❤❤,2025-06-07T19:09:16Z,9,0,9
UgxT6bLl3ILaPSdlss54AaABAg,EmV9oG1hzBo,https://www.youtube.com/watch?v=EmV9oG1hzBo,Кто твой любимый Бриджертон? 😍 #бриджертоны #любовь #ревность #сериал #нетфликс,@Iridescent1904,Энтони 🔥🔥,2024-06-27T18:25:27Z,9,0,9
UgxadwPKYBYHGaGsM1d4AaABAg,EmV9oG1hzBo,https://www.youtube.com/watch?v=EmV9oG1hzBo,Кто твой любимый Бриджертон? 😍 #бриджертоны #любовь #ревность #сериал #нетфликс,@Элла-э8ч,Колин и Пенелопа😍,2025-11-16T10:27:22Z,7,0,7
UgwqNPthV04u-lJh1Up4AaABAg,EmV9oG1hzBo,https://www.youtube.com/watch?v=EmV9oG1hzBo,Кто твой любимый Бриджертон? 😍 #бриджертоны #любовь #ревность #сериал #нетфликс,@gorgeousannie3931,Энтони сжигает,2025-05-03T20:09:01Z,6,0,6
Ugy1bGZUoR-SxV1PBK14AaABAg,EmV9oG1hzBo,https://www.youtube.com/watch?v=EmV9oG1hzBo,Кто твой любимый Бриджертон? 😍 #бриджертоны #любовь #ревность #сериал #нетфликс,@ксениясаранина-ж2и,Энтони 🙏🏻,2025-07-22T17:01:58Z,5,0,5
Ugwl2reTSFcgoxC11sF4AaABAg,EmV9oG1hzBo,https://www.youtube.com/watch?v=EmV9oG1hzBo,Кто твой любимый Бриджертон? 😍 #бриджертоны #любовь #ревность #сериал #нетфликс,@МарияГерасимова-в8ф,Энтони ❤,2025-04-13T11:26:57Z,4,0,4
UgwBTrrj2x6uh-ZIXbR4AaABAg,EmV9oG1hzBo,https://www.youtube.com/watch?v=EmV9oG1hzBo,Кто твой любимый Бриджертон? 😍 #бриджертоны #любовь #ревность #сериал #нетфликс,@ЖанараТулегенова-п1й,Энтони❤,2025-09-21T09:30:45Z,4,0,4
UgyTWKCG-wskbDefy3B4AaABAg,EmV9oG1hzBo,https://www.youtube.com/watch?v=EmV9oG1hzBo,Кто твой любимый Бриджертон? 😍 #бриджертоны #любовь #ревность #сериал #нетфликс,@Мадина-д9в9н,"Ну вот что вы со мной делаете 
Пошла пересматривать 🤣🤣❤️",2025-12-14T21:33:08Z,2,1,3
UgzzROag0DrGNhC_GKR4AaABAg,EmV9oG1hzBo,https://www.youtube.com/watch?v=EmV9oG1hzBo,Кто твой любимый Бриджертон? 😍 #бриджертоны #любовь #ревность #сериал #нетфликс,@ФрелькеНаталья,Энтони,2025-10-04T17:41:45Z,3,0,3
UgyJn4tsE8GqRcJ7kPZ4AaABAg,EmV9oG1hzBo,https://www.youtube.com/watch?v=EmV9oG1hzBo,Кто твой любимый Бриджертон? 😍 #бриджертоны #любовь #ревность #сериал #нетфликс,@ЛейсанТавлыкаева,В книге про Элоизу я узнала одну неприятную вещь . Энтони изменял Кейт 😢 чтобы другие не думали что он каблук😢😢😢,2026-01-02T08:39:57Z,1,2,3
UgxdJJ9kNn7mj3RGwYZ4AaABAg,EmV9oG1hzBo,https://www.youtube.com/watch?v=EmV9oG1hzBo,Кто твой любимый Бриджертон? 😍 #бриджертоны #любовь #ревность #сериал #нетфликс,@Ангелина-ш7ы,"От Саймона и Дафны даже у моего мужа мурашки бежали, такая между ними страсть и любовь, прям искры летят! Нереально сыграли💔💔",2026-01-02T20:23:05Z,2,0,2
UgyFLvvHkFfBOavT7hN4AaABAg,EmV9oG1hzBo,https://www.youtube.com/watch?v=EmV9oG1hzBo,Кто твой любимый Бриджертон? 😍 #бриджертоны #любовь #ревность #сериал #нетфликс,@霜花-q4s,Энтони)),2026-01-07T05:15:01Z,2,0,2
UgxgudYeIuViYRLqJ2t4AaABAg,EmV9oG1hzBo,https://www.youtube.com/watch?v=EmV9oG1hzBo,Кто твой любимый Бриджертон? 😍 #бриджертоны #любовь #ревность #сериал #нетфликс,@Elya.mussina,Энтони ❤,2026-01-08T11:24:50Z,2,0,2
UgwG96wa0oUFUfLjC514AaABAg,EmV9oG1hzBo,https://www.youtube.com/watch?v=EmV9oG1hzBo,Кто твой любимый Бриджертон? 😍 #бриджертоны #любовь #ревность #сериал #нетфликс,@nfnmzyf3553,"У меня Энтони и Кейт почему то вызывают диссонанс, наверное потому что актер играющий Энтони нетрадиционной ориентации, мне нравится Пенелопа и Колин",2026-01-04T07:03:32Z,1,0,1
Ugw4ZZx3w6x-ztKA_W94AaABAg,EmV9oG1hzBo,https://www.youtube.com/watch?v=EmV9oG1hzBo,Кто твой любимый Бриджертон? 😍 #бриджертоны #любовь #ревность #сериал #нетфликс,@krasylya7,Саймон и Дафна❤ там прям молнии,2025-11-23T20:06:22Z,0,0,0
UgxXPsH8gYKQLKJvmm54AaABAg,EmV9oG1hzBo,https://www.youtube.com/watch?v=EmV9oG1hzBo,Кто твой любимый Бриджертон? 😍 #бриджертоны #любовь #ревность #сериал #нетфликс,@Dana_sha,Элоиза,2026-01-09T07:25:01Z,0,0,0
Ugz3uBcTUc1W12NBMTh4AaABAg,EmV9oG1hzBo,https://www.youtube.com/watch?v=EmV9oG1hzBo,Кто твой любимый Бриджертон? 😍 #бриджертоны #любовь #ревность #сериал #нетфликс,@NairaAgadzhanyan,Саймон и Дафна ❤,2025-11-15T11:06:58Z,0,0,0
Ugw-7efNaQgJP33KyBF4AaABAg,-cnqDbztwWY,https://www.youtube.com/watch?v=-cnqDbztwWY,ОБРАЗ ПЕНЕЛОПЫ ИЗ БРИДЖЕРТОНОВ✨ #бьютиблог #урокмакияжа #макияж #бриджертоны,@mariyast8283,"Это не Пенелопа, это Роуз из Титаника 💯😍😍😍👍",2024-07-25T12:23:09Z,88,1,89
UgxfWQYHMMlvnZObjWt4AaABAg,-cnqDbztwWY,https://www.youtube.com/watch?v=-cnqDbztwWY,ОБРАЗ ПЕНЕЛОПЫ ИЗ БРИДЖЕРТОНОВ✨ #бьютиблог #урокмакияжа #макияж #бриджертоны,@leonidovasblog6653,Какая же красота!..🥹💔✨️✨️,2024-07-01T07:29:59Z,40,0,40
Ugyl5HBdYmOjJ9OOdU54AaABAg,-cnqDbztwWY,https://www.youtube.com/watch?v=-cnqDbztwWY,ОБРАЗ ПЕНЕЛОПЫ ИЗ БРИДЖЕРТОНОВ✨ #бьютиблог #урокмакияжа #макияж #бриджертоны,@ator3807,Ваша Пенелопа шикарнее чем в сериале…,2024-07-01T09:33:15Z,34,0,34
UgxtLuASegiE8ZnhJYJ4AaABAg,-cnqDbztwWY,https://www.youtube.com/watch?v=-cnqDbztwWY,ОБРАЗ ПЕНЕЛОПЫ ИЗ БРИДЖЕРТОНОВ✨ #бьютиблог #урокмакияжа #макияж #бриджертоны,@Annie_Lingvist,"Умоляю Вас! Расскажите, как Вы ухаживаете за рыжим цветом волос. У самой рыжие (вижу себя только в таком цвете, но мучаюсь😃). Используете ли Вы оттеночные маски, бальзамы и т.д. Как часто красите волосы? У меня они начали отваливаться недавно по длине из-за того, что крашу каждый месяц для поддержки цвета, хотя ежедневно использую уходовые средства для волос.",2024-07-02T17:42:11Z,22,2,24
Ugz0JSfLzb4ewKObCot4AaABAg,-cnqDbztwWY,https://www.youtube.com/watch?v=-cnqDbztwWY,ОБРАЗ ПЕНЕЛОПЫ ИЗ БРИДЖЕРТОНОВ✨ #бьютиблог #урокмакияжа #макияж #бриджертоны,@absolutelyschizo,Самая красивая девушка которую я когда либо видел,2024-08-03T20:17:35Z,5,11,16
UgyGIOTjfIjB571SdjF4AaABAg,-cnqDbztwWY,https://www.youtube.com/watch?v=-cnqDbztwWY,ОБРАЗ ПЕНЕЛОПЫ ИЗ БРИДЖЕРТОНОВ✨ #бьютиблог #урокмакияжа #макияж #бриджертоны,@Maryy_mur,Вообше то похожа на кейт Уинслет!!!из титаника 😊,2024-07-24T11:58:56Z,15,0,15
UgztePHUq69_6swrrlB4AaABAg,-cnqDbztwWY,https://www.youtube.com/watch?v=-cnqDbztwWY,ОБРАЗ ПЕНЕЛОПЫ ИЗ БРИДЖЕРТОНОВ✨ #бьютиблог #урокмакияжа #макияж #бриджертоны,@marymakeuplab,"продукты из видео от Бренда Arive Makeup, приобрести все можно на Мегамаркете, оставляю для вас артикулы:

Тени для век Alphabet Eyeshadow, в линейке 26 оттенков, мои:
К soft matte кирпичный арт. 100062250485
Q sparkle бежевый арт. 100062250491
Универсальная объемная тушь Buildable Volume Mascara арт. 100062250503
Прозрачная матирующая пудра Subtle Setting Powder не только заматирует там, где нужно, но еще и закрепит макияж в целом арт. 100062250455
Консилер Semi-Matte Stick Concealer 02 neutral. Очень удобный формат консилера в стике, можно сразу из тюбика наносит на проблемные участки, растушевать границы и готово✨ арт. 100062250390
Оттеночный солнцезащитный бальзам для губ Pretty Protective Tinted Lip Balm SPF 30 PA++ у меня оттенок 05 Devoted. Защищает губы от ультрафиолета + дает натуральный глянцевый финиш арт. 100065158351

Уже пробовали что-то у бренда?

erid: 2SDnjcqFvRG",2024-07-01T06:58:29Z,6,0,6
UgxbMU5Wo8L0Z6ij_Et4AaABAg,-cnqDbztwWY,https://www.youtube.com/watch?v=-cnqDbztwWY,ОБРАЗ ПЕНЕЛОПЫ ИЗ БРИДЖЕРТОНОВ✨ #бьютиблог #урокмакияжа #макияж #бриджертоны,@НЕСКУЧНО-у9ц,Как всегда прекрасна❤,2024-07-01T07:28:42Z,6,0,6
Ugwp56pbiJuo7soLIb54AaABAg,-cnqDbztwWY,https://www.youtube.com/watch?v=-cnqDbztwWY,ОБРАЗ ПЕНЕЛОПЫ ИЗ БРИДЖЕРТОНОВ✨ #бьютиблог #урокмакияжа #макияж #бриджертоны,@raisakormina,Только досмотрела 3ий сезон😅,2024-07-01T08:32:02Z,5,0,5
Ugx7cnOsB51I4-PyFUB4AaABAg,-cnqDbztwWY,https://www.youtube.com/watch?v=-cnqDbztwWY,ОБРАЗ ПЕНЕЛОПЫ ИЗ БРИДЖЕРТОНОВ✨ #бьютиблог #урокмакияжа #макияж #бриджертоны,@red_head_magie,Вы невероятная красавица❤ а на карие глаза подойдёт?,2024-07-01T17:39:45Z,5,0,5
Ugx6_ZI56sGkPzADHK54AaABAg,-cnqDbztwWY,https://www.youtube.com/watch?v=-cnqDbztwWY,ОБРАЗ ПЕНЕЛОПЫ ИЗ БРИДЖЕРТОНОВ✨ #бьютиблог #урокмакияжа #макияж #бриджертоны,@kizo0907,Как красиво ❤хочу бальзам для губ😍,2024-07-04T06:30:28Z,3,0,3
Ugyi59EDFFfnsbIYZ6t4AaABAg,-cnqDbztwWY,https://www.youtube.com/watch?v=-cnqDbztwWY,ОБРАЗ ПЕНЕЛОПЫ ИЗ БРИДЖЕРТОНОВ✨ #бьютиблог #урокмакияжа #макияж #бриджертоны,@lovell0327,Вы словно с картины сошли❤,2024-08-03T20:28:34Z,2,0,2
UgzMTRnQyTDY-5DuR8p4AaABAg,-cnqDbztwWY,https://www.youtube.com/watch?v=-cnqDbztwWY,ОБРАЗ ПЕНЕЛОПЫ ИЗ БРИДЖЕРТОНОВ✨ #бьютиблог #урокмакияжа #макияж #бриджертоны,@tatianaalex5237,Вы такая красивая 😊,2024-10-22T02:58:43Z,1,0,1
UgywOdqQ4VU2yhovOGR4AaABAg,-cnqDbztwWY,https://www.youtube.com/watch?v=-cnqDbztwWY,ОБРАЗ ПЕНЕЛОПЫ ИЗ БРИДЖЕРТОНОВ✨ #бьютиблог #урокмакияжа #макияж #бриджертоны,@Ki5Jay,Вы больше похоже на Филиппу Фезерингтон,2024-07-01T19:33:13Z,1,0,1
UgxSkEgnQw3RNBxrt2l4AaABAg,-cnqDbztwWY,https://www.youtube.com/watch?v=-cnqDbztwWY,ОБРАЗ ПЕНЕЛОПЫ ИЗ БРИДЖЕРТОНОВ✨ #бьютиблог #урокмакияжа #макияж #бриджертоны,@Nat-b6z,Какой-то колтун на волосах 😅,2024-07-01T20:32:01Z,1,0,1
Ugxeh7ed16luMOheyjZ4AaABAg,-cnqDbztwWY,https://www.youtube.com/watch?v=-cnqDbztwWY,ОБРАЗ ПЕНЕЛОПЫ ИЗ БРИДЖЕРТОНОВ✨ #бьютиблог #урокмакияжа #макияж #бриджертоны,@Airad_dariA,Вы божественно снимаете и монтируете видео 😊 ❤,2024-11-17T11:13:31Z,0,0,0
UgxVIdcDf7mkPHUpWdN4AaABAg,-cnqDbztwWY,https://www.youtube.com/watch?v=-cnqDbztwWY,ОБРАЗ ПЕНЕЛОПЫ ИЗ БРИДЖЕРТОНОВ✨ #бьютиблог #урокмакияжа #макияж #бриджертоны,@anastassyatsymbal5137,"Ох божечки, я думала, я одна такая особенная, раз умудряюсь иногда лоб/висок обжечь плойкой 😞",2024-07-06T20:48:15Z,0,0,0
UgxuOo1y9BBbzrYosbp4AaABAg,-cnqDbztwWY,https://www.youtube.com/watch?v=-cnqDbztwWY,ОБРАЗ ПЕНЕЛОПЫ ИЗ БРИДЖЕРТОНОВ✨ #бьютиблог #урокмакияжа #макияж #бриджертоны,@ikatu8605,"А кто реально пользовался, как по ощущениям бальзам? Приятный? Просто выглядит оч красиво",2024-08-26T14:46:16Z,0,0,0
Ugy8BLLT9dpp5dJYbMZ4AaABAg,-cnqDbztwWY,https://www.youtube.com/watch?v=-cnqDbztwWY,ОБРАЗ ПЕНЕЛОПЫ ИЗ БРИДЖЕРТОНОВ✨ #бьютиблог #урокмакияжа #макияж #бриджертоны,@lilir8,на молодую Кидман тут похожа),2024-09-06T12:35:36Z,0,0,0
UgzDcV7YugaQ6AX7reV4AaABAg,-cnqDbztwWY,https://www.youtube.com/watch?v=-cnqDbztwWY,ОБРАЗ ПЕНЕЛОПЫ ИЗ БРИДЖЕРТОНОВ✨ #бьютиблог #урокмакияжа #макияж #бриджертоны,@Крислоо,"Все супер, но я вообще не поняла пудру этой фирмы, даже выбросить пришлось (",2024-07-01T13:35:08Z,0,0,0
UgzQ0Ki1zWB6WkE1hNh4AaABAg,-cnqDbztwWY,https://www.youtube.com/watch?v=-cnqDbztwWY,ОБРАЗ ПЕНЕЛОПЫ ИЗ БРИДЖЕРТОНОВ✨ #бьютиблог #урокмакияжа #макияж #бриджертоны,@karpark87,Вы больше похожи на Франческу Бриджертон!,2024-07-01T10:18:02Z,0,0,0
UgyfMadrmu_aWVJKrB54AaABAg,-cnqDbztwWY,https://www.youtube.com/watch?v=-cnqDbztwWY,ОБРАЗ ПЕНЕЛОПЫ ИЗ БРИДЖЕРТОНОВ✨ #бьютиблог #урокмакияжа #макияж #бриджертоны,@ДарьяРоманенко-ж5я,Больше похоже на Ариэль),2024-07-31T09:44:53Z,0,0,0
UgwaurF53D1ISw66xUB4AaABAg,-cnqDbztwWY,https://www.youtube.com/watch?v=-cnqDbztwWY,ОБРАЗ ПЕНЕЛОПЫ ИЗ БРИДЖЕРТОНОВ✨ #бьютиблог #урокмакияжа #макияж #бриджертоны,@anastasiaratnichenko,🌼,2024-07-01T07:25:03Z,0,0,0
UgyBE39V5EzbZu0Imx14AaABAg,-cnqDbztwWY,https://www.youtube.com/watch?v=-cnqDbztwWY,ОБРАЗ ПЕНЕЛОПЫ ИЗ БРИДЖЕРТОНОВ✨ #бьютиблог #урокмакияжа #макияж #бриджертоны,@LarKlim,"Подскажите, пожалуйста, какой тип макияжа или цвета могут подойти - очень светлый оливковый тон кожи, желто-голубые глаза, зелёные волосы, форма лица прямоугольная?",2024-07-25T13:26:43Z,0,0,0
UgyC5NEGFDmPFkP02Jd4AaABAg,-cnqDbztwWY,https://www.youtube.com/watch?v=-cnqDbztwWY,ОБРАЗ ПЕНЕЛОПЫ ИЗ БРИДЖЕРТОНОВ✨ #бьютиблог #урокмакияжа #макияж #бриджертоны,@brick9875,слишком мало оранжевого,2024-07-06T15:05:04Z,0,0,0
UgwEXPSsd1kSpR-FWZl4AaABAg,-cnqDbztwWY,https://www.youtube.com/watch?v=-cnqDbztwWY,ОБРАЗ ПЕНЕЛОПЫ ИЗ БРИДЖЕРТОНОВ✨ #бьютиблог #урокмакияжа #макияж #бриджертоны,@Yulshona-semenova,В сериале и вообще не распущенные волосы!!!!,2024-07-01T09:46:16Z,0,0,0
UgwpXD5Gi4qhpllAYQV4AaABAg,xKJr9K8558c,https://www.youtube.com/watch?v=xKJr9K8558c,БРИДЖЕРТОНЫ: почему нам нравятся истории о любви?(ОкКульт),@lizadryndina335,"Когда говорю людям, что мне нравятся Бриджертоны, они искренне не понимают, что в этом сериале такого. А там здоровые семейные взаимоотношения, поддержка между братьями и сестрами, дружба, королева Шарлотта, да в конце концов красивые платьюшки. Я. Хочу. Смотреть. На красоту.",2025-04-15T18:30:35Z,467,5,472
UgxR5uGXjRmwl2AyPg94AaABAg,xKJr9K8558c,https://www.youtube.com/watch?v=xKJr9K8558c,БРИДЖЕРТОНЫ: почему нам нравятся истории о любви?(ОкКульт),@AnhelinaSemenko,"15:10 Вайоллет как раз-таки не взваливала это решение на Энтони, это делал врач. Врач к нему обратился как к Лорду Бриджертону, хозяину всех и вся в поместье, кем он стал в момент смерти отца. Я не знаю, как было в переводе, но в оригинале она между схватками кричала доктору: ""Не говорите с ним, он всего лишь ребенок! Это не его решение! Он не должен его принимать! Это должен был делать его отец"", что  сразу дает нам контекст эпохи - голос женщины не важен, её мнение не учитывается даже в таком процессе как роды, а врач слушает только своего нанимателя - мужчину, и спрашивает у него, какую свою ""собственность"" он хочет оставить - младенца или женщину. Энтони ответил врачу: ""Делайте как она скажет"". То есть, врач не спрашивал у роженицы, кому сохранить жизнь, он спросил у хозяина, Энтони, и тот как бы ""передал"" власть матери в этот момент, чтобы врач наконец начал её слушать. 
Я тоже считаю, что эта ситуация была ужасно травматична для Энтони, но я не понимаю, где тут виновата Вайолетт. Тут скорее виноват патриархат, в котором двое мужчин обсуждают сделку - чье спасение в приоритете, не спрашивая при этом мнение женщины. 
Честно говоря, неприятный какой-то осадок остался. Такой очевидный момент и каким-то образом тут умудрились взвалить вину на женщину",2025-04-15T20:55:03Z,226,13,239
Ugxz9DSXnicSgxpRZCt4AaABAg,xKJr9K8558c,https://www.youtube.com/watch?v=xKJr9K8558c,БРИДЖЕРТОНЫ: почему нам нравятся истории о любви?(ОкКульт),@V_sveet,"Для меня коттедж кор это ежедневная пахота каждый день, потому что свой дом и хозяйство требуют титанических усилий, те, кто на это ведутся, в своем доме никогда не жили",2025-04-15T19:13:32Z,111,9,120
UgwX_WSwwEkJbFx13Tt4AaABAg,xKJr9K8558c,https://www.youtube.com/watch?v=xKJr9K8558c,БРИДЖЕРТОНЫ: почему нам нравятся истории о любви?(ОкКульт),@Ask9-9,"Скажите, только честно, вы за мной следите? Я читаю Анну Каренину - вы выпускаете видео о ней. Я решила с подругой пересмотреть Бриджертонов - так и тут вы! Лика, хватить быть сталкером!!! С нетерпением ждем Вас в Европе!!!!",2025-04-15T18:58:46Z,59,1,60
Ugz_Y_ETmp4JM0AAaBJ4AaABAg,xKJr9K8558c,https://www.youtube.com/watch?v=xKJr9K8558c,БРИДЖЕРТОНЫ: почему нам нравятся истории о любви?(ОкКульт),@yulia7577,"Отличный разбор, много инетресного.
Единственное с чем в корне не согласна
15:12 Вайлет не сваливает на Энтони ответственность за выбор, это делает доктор, она бы и рада сама выбрать, но врач ее не послушает т. к. она женщина, а решать должен глава семейста, коим в этой ситуации является Энтони.
Вайлет же наоборот говорит, что Энтони не должен решать, что если кто и мог бы рашить так это ее покойный муж, который ее любил и это бы не было бы даже вопросом, намекая на то, что он без колебаний выбрал бы ее жизнь или предоставил бы выбор ей.
Если вы смотрели в русской озвучке или с субтитрами возможно перевод был не корректный, но в англ. версии все по сути, как я описала выше.
Большое спасибо за ролики, с дочкой очень любим смотреть.",2025-04-15T21:17:29Z,55,1,56
Ugx-ClNd0xqZGswv7Y14AaABAg,xKJr9K8558c,https://www.youtube.com/watch?v=xKJr9K8558c,БРИДЖЕРТОНЫ: почему нам нравятся истории о любви?(ОкКульт),@svetlanammkr784,"О, да!!! Темные кадры, на которых ничего не возможно разобрать - это боль!!!!!",2025-04-16T11:37:50Z,45,1,46
UgxFeI1oQxMLKL0DyX14AaABAg,xKJr9K8558c,https://www.youtube.com/watch?v=xKJr9K8558c,БРИДЖЕРТОНЫ: почему нам нравятся истории о любви?(ОкКульт),@polyastine,"никогда не понимала этой ""любви"" к коттедж кору. мне кажется на советском и постсоветском пространстве к такой эстетике должно быть иное отношение. но, возможно, я сужу только по себе, потому что у меня есть опыт настоящей сельской жизни с уборкой скатины, поливкой огорода и сенокосом. хотя я просто приезжала к бабушке в деревню на лето. и тем не менее - всем любителям коттедж кора я бы посоветовала хотя бы в туалет на улице начать ходить, чтобы точно ""прочувствовать"" такую эстетику)))",2025-04-15T21:38:07Z,42,2,44
Ugy92SmJfqWY-w7_0Op4AaABAg,xKJr9K8558c,https://www.youtube.com/watch?v=xKJr9K8558c,БРИДЖЕРТОНЫ: почему нам нравятся истории о любви?(ОкКульт),@alsu891-v6e,"Я только из-за Пенелопы и начала смотреть сериал! Она прекрасна, хочу больше работ с представлением разных тел ❤",2025-04-15T20:09:01Z,40,1,41
UgyZ5OsOoLJ189qR2Hh4AaABAg,xKJr9K8558c,https://www.youtube.com/watch?v=xKJr9K8558c,БРИДЖЕРТОНЫ: почему нам нравятся истории о любви?(ОкКульт),@АннаНиконова-р1р,"По поводу наряда😅 безусловно, Вы прекрасны! Но как же я обожаю Ваш свитер ""old mommy"" это просто что-то лучшее на свете😂",2025-04-16T05:28:20Z,30,0,30
Ugwlif-jDc0dJFz21iF4AaABAg,xKJr9K8558c,https://www.youtube.com/watch?v=xKJr9K8558c,БРИДЖЕРТОНЫ: почему нам нравятся истории о любви?(ОкКульт),@dianadenko_,это Бри́джертоны. Ударение на И.,2025-04-18T14:56:16Z,22,1,23
UgzTA8Fe42P820m7Uap4AaABAg,xKJr9K8558c,https://www.youtube.com/watch?v=xKJr9K8558c,БРИДЖЕРТОНЫ: почему нам нравятся истории о любви?(ОкКульт),@ninasher3480,"Классное видео. В первом сезоне мне нравится то, что Дафна открыто говорит брату о том, какую роль играет женщина в их обществе и мне нравится то, что во многом они все же отошли от канонов ""девушка 18 века""",2025-04-16T16:06:02Z,22,0,22
UgyysQbo2OYlP38Zafx4AaABAg,xKJr9K8558c,https://www.youtube.com/watch?v=xKJr9K8558c,БРИДЖЕРТОНЫ: почему нам нравятся истории о любви?(ОкКульт),@ArktaNaali,"Аааааа, я так не ожидала, что у вас выйдет видео про моих любимых Бриджертонов, и так рада! Спасибо вам огромное, что расписали рационально и вдумчиво, за что этот сериал так нравится. У меня было вот это ощущение комфорта от Бриджертонов, и я тоже размышляла о том, что этот сериал достаточно простой, и он не о каких-то глубокофилософских вещах, для понимания которых нужно два высших и три кандидатских, не про ""гроб гроб кладбище кладбище"", он про... жизнь, что ли, про социальные хитросплетения. Не знаю, как это грамотно сформулировать, но фразы ""смотреть на красивое"" и ""не испытывать тяжелых эмоций от произведения"", наверное, лучше всего передают мои мысли. Хочется иногда чего-то попроще, чем окружающая действительность.
Ушла от темы - в общем, спасибо вам большое за видео! Обожаю ваши выпуски, с большим нетерпением жду каждого нового.
И отдельное спасибо за рекомендацию! Каждый раз в перерывах между сезонами Бриджертонов я очень грущу, что не знаю чего-то близкого по уровню комфорта, поэтому спасибо за рассказ про Компаньонку, как только дойдут руки, очень хочу посмотреть (хотя и жаль, что онгоинг) 🙂",2025-04-15T19:22:22Z,22,0,22
Ugyyyk_xcINodUYiOeB4AaABAg,xKJr9K8558c,https://www.youtube.com/watch?v=xKJr9K8558c,БРИДЖЕРТОНЫ: почему нам нравятся истории о любви?(ОкКульт),@young_old_girl_boy,"Не по уведомлению,а по зову сердца(я хотела посмотреть как умные люди решают ОГЭ по математике,так как завтра пробник,но у меня есть приоретет))",2025-04-15T18:27:20Z,18,0,18
UgwEIGdoHSKrMPsVS6h4AaABAg,xKJr9K8558c,https://www.youtube.com/watch?v=xKJr9K8558c,БРИДЖЕРТОНЫ: почему нам нравятся истории о любви?(ОкКульт),@Brainaids,"Вы попросили откомментировать ваш наряд.
Платье немного полнит, а ещё оно мятое. Вырез подчёркивает эндемический зоб.
Весь образ великолепно дополняют немытые неуложенные волосы.",2025-04-15T20:17:56Z,2,14,16
UgymKHrDxsGc8AKf0S94AaABAg,xKJr9K8558c,https://www.youtube.com/watch?v=xKJr9K8558c,БРИДЖЕРТОНЫ: почему нам нравятся истории о любви?(ОкКульт),@alinashsh,"Обожаю этот канал!!! ну просто жемчужина, каждый выпуск с упоением слушаю Лику! а тут еще и выпуск про сериал, который летом я смотрела взахлеб и бесилась на мужских героев, которые там все усложняют ахаха! выглядишь потрясающе кстати, спасибо, что стараешься для нас подпищеков, это очень приятно! и спасибо за рекомендацию, захотелось глянуть",2025-04-15T21:33:23Z,14,0,14
Ugx5lXU05kqNSUT8dyZ4AaABAg,xKJr9K8558c,https://www.youtube.com/watch?v=xKJr9K8558c,БРИДЖЕРТОНЫ: почему нам нравятся истории о любви?(ОкКульт),@vladikaF,"Леди Бриджертон и леди Данбери - 2 причины, по которым я смотрю этот сериал. 
Пробовала читать литературную основу, и это было просто кучей нелепостей и стереотипов. И когда это называют романами в историческом жанре - 😳",2025-04-15T19:21:20Z,11,2,13
UgyJgYdrSKE1ALT3lH14AaABAg,xKJr9K8558c,https://www.youtube.com/watch?v=xKJr9K8558c,БРИДЖЕРТОНЫ: почему нам нравятся истории о любви?(ОкКульт),@admiralmatsu,"Мне еще кажется, что Бриджертоны переносят в мир мелодрам 2000х. Тут говорилось про Блондинку в законе, но это будто еще к куче всего приводит в голове. Да это йорма Эскопизма, но я люблю пересматривать простые и понятные истории, мой мозг так расслабляется, а сеня со старшей сестрой к этому приучили родители. Муж может пересматривать только то, что прям давно не видел, а мне нормально с Бриддит джонс, которую могу пересказать наизусть) Так вот в Бриджертонах, ты начинаешь смотреть будто что-то новое, но оно такое хорошо знакомое, что мозг приятно плывет😅",2025-04-16T07:41:43Z,12,0,12
UgwpFwrMJQoFXAa-geZ4AaABAg,xKJr9K8558c,https://www.youtube.com/watch?v=xKJr9K8558c,БРИДЖЕРТОНЫ: почему нам нравятся истории о любви?(ОкКульт),@КатяЛурье,"Кстати в оригинале пенелопа в начале романа похудела💀💀💀, и только после этого начинаются романтические отношения с Колином. И поэтому я бы сказала, что сериал довольно хорошо переделал книги",2025-07-03T08:57:23Z,10,0,10
UgyCLu9A_bAXQcu2pcx4AaABAg,xKJr9K8558c,https://www.youtube.com/watch?v=xKJr9K8558c,БРИДЖЕРТОНЫ: почему нам нравятся истории о любви?(ОкКульт),@НатальяА-с1ч,"Как же приятно и неожиданно увидеть про Компаньонку! Проглотила весь сезон залпом, безумно жду 2 (хоть бы он был!). Бриджертоны смотрела, в целом понравились, но Компаньонка для Леди - это просто любовь, восторг. Эти прекрасные испанские дамы ❤‍🔥",2025-04-16T16:50:49Z,9,1,10
UgyBHKxPcGRhtc4nCoV4AaABAg,xKJr9K8558c,https://www.youtube.com/watch?v=xKJr9K8558c,БРИДЖЕРТОНЫ: почему нам нравятся истории о любви?(ОкКульт),@dianalatypova485,"Обожаю Бриджертонов, спасибо большое за видео! ❤
Кстати, не все основные персонажи гетеросексуальны, как в книгах. Франческа влюбляется в девушку в последней серии 3 сезона.",2025-04-15T19:58:28Z,8,2,10
UgyGy_ghlpP76v1ihgR4AaABAg,xKJr9K8558c,https://www.youtube.com/watch?v=xKJr9K8558c,БРИДЖЕРТОНЫ: почему нам нравятся истории о любви?(ОкКульт),@miroslava_vi,"Спасибо большое за ролик! Смотря Бриджертонов тоже заметила, что в сериале женский взгляд, очень рада, что кто-то это обсуждает!
Елсинвенное, мне кажется в вашем разборе есть не большая не точность: когда говорили о Вайолет Бриджертон вы сказали, что она ызваливает на Энтони ответственность за выбор. Но она этого не делает, она как раз говорит, что это должно быть решение её мужа, не её ребёнка, но врач её не слушает и настаивает, что это должен сделать новый лорд Бриджертон. Ткк что Вайолет повела в этой ситуации себя вполне разумно. Но есть у неё другой ""грех"" : она не подготовила Дафну к замужней жизни, не рассказала ничего про секс. И на этой почве у них развился конфликт. Так что да, и она не безгрешна",2025-04-15T20:38:47Z,9,0,9
Ugy0aqzWudlZ8jtTSnx4AaABAg,xKJr9K8558c,https://www.youtube.com/watch?v=xKJr9K8558c,БРИДЖЕРТОНЫ: почему нам нравятся истории о любви?(ОкКульт),@ristalika1882,"Это кроссовер моей мечты, не ожидала, но супер счастлива увидеть)))",2025-04-15T18:30:08Z,8,0,8
Ugyb-Myrj-IWGCDvaEp4AaABAg,xKJr9K8558c,https://www.youtube.com/watch?v=xKJr9K8558c,БРИДЖЕРТОНЫ: почему нам нравятся истории о любви?(ОкКульт),@MsFoxand,"В была в отношениях с парнем, который не хотел иметь детей как раз из-за конфликта с отцом. Когда он узнал, что я начала задумываться о том, чтобы когда-нибудь завести детей (я ещё даже не планировала, но сообщила, что не исключаю этого), он буквально сбежал из-под венца. Мы уже заявления в ЗАГС подали.",2025-04-16T07:26:47Z,7,0,7
UgyrLCZfA5aDJrIsOpR4AaABAg,xKJr9K8558c,https://www.youtube.com/watch?v=xKJr9K8558c,БРИДЖЕРТОНЫ: почему нам нравятся истории о любви?(ОкКульт),@ЕкатеринаСидоркина-т8р,Почему БриджертОны?Они же БрИджертоны.,2025-04-17T11:13:59Z,6,1,7
UgxiEDc99GItWHR1xJx4AaABAg,xKJr9K8558c,https://www.youtube.com/watch?v=xKJr9K8558c,БРИДЖЕРТОНЫ: почему нам нравятся истории о любви?(ОкКульт),@Alex.K88,"Как человек из села я не очень понимаю эту романтизацию котеджкора, да там на природе может быть круто, красиво (сама любила в подростковые годы, наряжаться в красивые платья, забираться на крышу беседки и рядом с цветущей яблоней читать какой нибудь роман (ну или яой фанфик) люди которые искренне не понимают сколько сил придется вкладывать в эту красивую картинку, неужели они настолько инфантильны, что не понимают, что если у тебя нет денег на наемных работников которые будут все выполнять за тебя, то кто то же должен, облагораживать участок, грядки, клумбы, газон, каждый день поливать, полоть в позе креветки, все высаживать, проводить по пол дня летом в огороде, а если есть животные, коровы, курицы и тд, кто их будет кормить, кто будет убирать отходы. 
И да, если б муж балерины фарм, показывал как он строит дом, веранду, сарай на крайняк, копает землю, у меня было бы меньше вопросов к нему 
Моя мать всегда занималась готовкой, огородом и тд, но отец в это время никогда не сидел и не давил диван, он постоянно что то чинит, строит, сам копает, чистит снег, и да они с мамой по очереди ходят кормить животных, папа так же собирает ягоды, грибы вместе с мамой 

Спасибо за видео, как всегда очень интересно, обязательно посмотрю компаньонку для леди",2025-04-17T13:21:48Z,7,0,7
Ugx6ksn3Mn7lwEhxmaJ4AaABAg,xKJr9K8558c,https://www.youtube.com/watch?v=xKJr9K8558c,БРИДЖЕРТОНЫ: почему нам нравятся истории о любви?(ОкКульт),@Fifi000,"В смысле никто не мог предположить что бриджертоны выстрелят 😄 красивые легкие сюжеты в стиле джейн остин всегда были актуальны (забавно, что автор называет их не похожими на эти истории. По-моему, все что было добавлено - это несколько пунктов повесточки и показан секс между персонажами).",2025-04-16T05:44:09Z,3,4,7
UgyPnHsR4Cpugr5zzTB4AaABAg,xKJr9K8558c,https://www.youtube.com/watch?v=xKJr9K8558c,БРИДЖЕРТОНЫ: почему нам нравятся истории о любви?(ОкКульт),@lyovik,"23:25 не согласна что все герои БрИджертонов ""гетеросексуальны и моногамны"", вспомним Бенедикта который в 1 сезоне состоял с отношениях с мужчиной-художником и портнихой мадам Де Лакруа, во втором с  девушкой ниже его по статусу, на которой он не мог жениться, в третьем сезоне вступает в отношения одновременно с мужчиной и женщиной.


P.S. извините за то что не пишу имена, и если есть неточность про описание второго сезона. Сериал не пересматривала, пишу как помню.",2025-04-16T10:05:53Z,6,0,6
UgwfI9Bb21tMLkilNMZ4AaABAg,xKJr9K8558c,https://www.youtube.com/watch?v=xKJr9K8558c,БРИДЖЕРТОНЫ: почему нам нравятся истории о любви?(ОкКульт),@Englishjdndndbdbv,"Те кто романтизируют фермерскую жизнь слабо представляют какой это труд. Это не красивом платье с рюшами и милые туфельки мери джейн, это засаленая роба и галоши в навозе.",2025-04-16T05:32:23Z,5,1,6
UgzRO0DSBUNQW0qXK5h4AaABAg,xKJr9K8558c,https://www.youtube.com/watch?v=xKJr9K8558c,БРИДЖЕРТОНЫ: почему нам нравятся истории о любви?(ОкКульт),@senceofmylime5057,"про то, что чтобы мужчина стал для вас привлекательным, это такая правда, какой бы мускулистый он ни был, меня совсем не привлекает только это, оно (тело) и правда как произведение искусства и не более без лично мужчины и его  персоны",2025-04-16T01:16:39Z,5,1,6
UgxUFVQIjGN2lsMCokZ4AaABAg,xKJr9K8558c,https://www.youtube.com/watch?v=xKJr9K8558c,БРИДЖЕРТОНЫ: почему нам нравятся истории о любви?(ОкКульт),@sunnysoul5259,БриджертОны? Я что-то пропустила по ходу…,2025-04-15T21:57:48Z,2,4,6
UgwGhqN9WT-l9tij8dF4AaABAg,xKJr9K8558c,https://www.youtube.com/watch?v=xKJr9K8558c,БРИДЖЕРТОНЫ: почему нам нравятся истории о любви?(ОкКульт),@christianef9472,"При всëм уважении... Но приводить Нолана как пример кино ""на подумать"" это, мягко говоря, не в тему. У него фильмы - абсолютный масс-маркет, там размышлять просто не о чем, нечего интерпретировать. Всегда поражало, как Нолан может кому-то казаться чем-то сложным",2025-04-15T19:04:38Z,4,2,6
UgxYeq_Kis6G2EBgBi14AaABAg,xKJr9K8558c,https://www.youtube.com/watch?v=xKJr9K8558c,БРИДЖЕРТОНЫ: почему нам нравятся истории о любви?(ОкКульт),@idancelifeml,Я их смотрела из за дамочки с пером аха. У Шарлотты тоже достаточно тяжелая судьба. А новые это компаньонки? Так попытка угадать. А ой угадала.,2025-04-15T18:19:59Z,4,1,5
UgyMQc8CPUlr7JVJQVN4AaABAg,xKJr9K8558c,https://www.youtube.com/watch?v=xKJr9K8558c,БРИДЖЕРТОНЫ: почему нам нравятся истории о любви?(ОкКульт),@redkrystall,"Про мужскую сексуальную привлекательность: ну... Не скажите. Ролло из Викингов может вообще ничего не делать, пусть стоит, молчит... Или актёр, который Тора играет. Зачем ему что-то делать? Пусть красиво по комнате ходит или стоит, молчит, ради Бога. А лучше, пусть оба лежат... Ну.. вы поняли.",2025-04-17T12:30:16Z,2,3,5
Ugw__KW3bUJqYmGvdOR4AaABAg,xKJr9K8558c,https://www.youtube.com/watch?v=xKJr9K8558c,БРИДЖЕРТОНЫ: почему нам нравятся истории о любви?(ОкКульт),@13pelmeshek,"По поводу семьи так здорово, что начали популяризировать здоровые отношения в семье, надеюсь благодаря этому многие обратят внимание на свои семьи и задуматься о взаимоотношениях внутри 😌",2025-04-19T13:26:18Z,4,0,4
UgwD-LZtzPc4rD03o-h4AaABAg,xKJr9K8558c,https://www.youtube.com/watch?v=xKJr9K8558c,БРИДЖЕРТОНЫ: почему нам нравятся истории о любви?(ОкКульт),@АполлинарияБазилевская,"О, про Бриджетонов! ❤",2025-04-15T18:19:44Z,4,0,4
UgxjxxsIJAR8_1rUN0d4AaABAg,xKJr9K8558c,https://www.youtube.com/watch?v=xKJr9K8558c,БРИДЖЕРТОНЫ: почему нам нравятся истории о любви?(ОкКульт),@n0_name_heh,"УРА🎉🎉🎉
Обожаю ваши видео",2025-04-15T18:34:20Z,4,0,4
UgxyYexr8cdoMB9kYT54AaABAg,xKJr9K8558c,https://www.youtube.com/watch?v=xKJr9K8558c,БРИДЖЕРТОНЫ: почему нам нравятся истории о любви?(ОкКульт),@Riki040882,"Я думаю, что в контексте Бриджиртонов, столило обратить внимание на шоуранерку Шонду Раймс, которая отвественна за большое количество сериалов с главными героинями. Она начинала с ""Анатомии Грей"" и это тоже сериал-феномен в рамках феминизма и женского взгляда.",2025-04-16T12:19:19Z,4,0,4
Ugwske_pSIyI9Ga9UqZ4AaABAg,xKJr9K8558c,https://www.youtube.com/watch?v=xKJr9K8558c,БРИДЖЕРТОНЫ: почему нам нравятся истории о любви?(ОкКульт),@olesyaneugodnikova6111,Вы в этом наряде ооочень красиво выглядите!) 😍😍😍,2025-04-15T20:09:14Z,4,0,4
UgyA5RodEhixwW6631F4AaABAg,xKJr9K8558c,https://www.youtube.com/watch?v=xKJr9K8558c,БРИДЖЕРТОНЫ: почему нам нравятся истории о любви?(ОкКульт),@sijoliee,"Вы такая умница! Прекрасная речь, вы очень талантливы) Спасибо за вашу работу.",2025-04-15T20:30:39Z,4,0,4
Ugzq9mM9Hvf2YEjuXGZ4AaABAg,xKJr9K8558c,https://www.youtube.com/watch?v=xKJr9K8558c,БРИДЖЕРТОНЫ: почему нам нравятся истории о любви?(ОкКульт),@anastasiaisaeva8516,"Наряд отличный! Тебе очень идет V-образный вырез! Еще и сочетание молочного с синим-супер!

Спасибо тебе большое за твои выпуски! Это как с подругой повидаться за чашкой чая❤",2025-04-16T14:25:52Z,4,0,4
Ugwi8rVCsDuyz-8iSLh4AaABAg,xKJr9K8558c,https://www.youtube.com/watch?v=xKJr9K8558c,БРИДЖЕРТОНЫ: почему нам нравятся истории о любви?(ОкКульт),@bububuka06,Свежее чем хлеб из печи🥶,2025-04-15T18:20:03Z,4,0,4
UgzHD1eub39-LoCZovt4AaABAg,xKJr9K8558c,https://www.youtube.com/watch?v=xKJr9K8558c,БРИДЖЕРТОНЫ: почему нам нравятся истории о любви?(ОкКульт),@Marisobellle,"Так же реклама от ютуба во время видео: «твоя женственность- это якорь. Мужчина не останется с той которая не может…..» 
Аааааааа🫣
Больше этих прекрасных обзоров, меньше этих ужасных реклам.",2025-08-06T07:50:16Z,3,1,4
UgzaXv6c8sNOFa3QlpZ4AaABAg,xKJr9K8558c,https://www.youtube.com/watch?v=xKJr9K8558c,БРИДЖЕРТОНЫ: почему нам нравятся истории о любви?(ОкКульт),@vladikaF,У Франчески будет 🌈 линия 🤫,2025-04-15T19:27:00Z,4,0,4
UgwdoonnHOP3rIWz17B4AaABAg,xKJr9K8558c,https://www.youtube.com/watch?v=xKJr9K8558c,БРИДЖЕРТОНЫ: почему нам нравятся истории о любви?(ОкКульт),@Семки-ь6й,"Мне очень интересно как вы бы разобрали Аниме или Вселенную комиксов по типу Марвел.Благодоря вам начинаю узнавать все больше  и больше об роли женчины в массовой культуре ,Спасибо большое ❤",2025-04-16T07:34:29Z,3,1,4
UgxScf3TZ3z_QSw6MC54AaABAg,xKJr9K8558c,https://www.youtube.com/watch?v=xKJr9K8558c,БРИДЖЕРТОНЫ: почему нам нравятся истории о любви?(ОкКульт),@coolmuha228,Чудесная кружка с вульвой XoD Ваша работа или покупали?,2025-04-15T18:21:47Z,3,1,4
UgzBvkLn1JeBBzd2yJV4AaABAg,xKJr9K8558c,https://www.youtube.com/watch?v=xKJr9K8558c,БРИДЖЕРТОНЫ: почему нам нравятся истории о любви?(ОкКульт),@MsFoxand,"Как это у нас нет какой-то культуры, как должен выглядеть сексуальный голый мужчина? 😮 Веленные Марвел и ДиСи про это. У них же неспроста такие обтягивающие костюмчики😂 недавно поняла, за что их так не люблю - там все конвенционально красивы. Единственная вселенная , который мне пришла на ум, где женщины и мужчины имеют право быть любой внешности и возраста - это Плоский мир, вселенная Терри Пратчетта.",2025-04-16T07:20:14Z,3,1,4
UgzdmhDJClTZRitkeBJ4AaABAg,xKJr9K8558c,https://www.youtube.com/watch?v=xKJr9K8558c,БРИДЖЕРТОНЫ: почему нам нравятся истории о любви?(ОкКульт),@seivarden,"Отлично понимаю того чувака с местью отцу, у меня и моего брата такая же позиция по отношению к матери, которая мечтает о внуках, но видимо никогда их не получит.",2025-04-15T18:54:57Z,3,1,4
UgzQ40iYZiNmsYaCfXN4AaABAg,xKJr9K8558c,https://www.youtube.com/watch?v=xKJr9K8558c,БРИДЖЕРТОНЫ: почему нам нравятся истории о любви?(ОкКульт),@Kassernaa,"Есть ещё сериал ""Буканьерки"", он похож на ""Бриджертонов"". Мне понравился. Вроде как снимался полностью женской командой. Второй сезон выйдет в этом июне",2025-05-14T13:48:00Z,3,0,3
UgzLrlN5XU1uDv4REch4AaABAg,xKJr9K8558c,https://www.youtube.com/watch?v=xKJr9K8558c,БРИДЖЕРТОНЫ: почему нам нравятся истории о любви?(ОкКульт),@svetlanasmirnova306,На наряд сразу обратила внимание. Просто и стильно. Не зря потрачены усилия )),2025-04-16T14:33:29Z,3,0,3
UgzY25rAnASXkMpb5zh4AaABAg,xKJr9K8558c,https://www.youtube.com/watch?v=xKJr9K8558c,БРИДЖЕРТОНЫ: почему нам нравятся истории о любви?(ОкКульт),@МайяМ-ю3ш,Вы выглядите прекрасно!✨,2025-04-16T05:57:00Z,3,0,3
UgxCWiQ-NNYHtQenHxl4AaABAg,xKJr9K8558c,https://www.youtube.com/watch?v=xKJr9K8558c,БРИДЖЕРТОНЫ: почему нам нравятся истории о любви?(ОкКульт),@icant_ihavepaws,"Что ни видео, то очередной шедевр. Спасибо за рекомендацию, очень люблю Бриджертонов",2025-04-15T23:15:23Z,3,0,3
UgxX2F5yTzF6VRC45bx4AaABAg,xKJr9K8558c,https://www.youtube.com/watch?v=xKJr9K8558c,БРИДЖЕРТОНЫ: почему нам нравятся истории о любви?(ОкКульт),@ТатьянаП-я2ш,Так неожиданно и приятноооо))),2025-04-15T18:30:22Z,3,0,3
UgwoDhb9EAmcWi1qbmh4AaABAg,xKJr9K8558c,https://www.youtube.com/watch?v=xKJr9K8558c,БРИДЖЕРТОНЫ: почему нам нравятся истории о любви?(ОкКульт),@КатеринаЧебан-н6г,"Аааа, как раз к чаю мне, спасибо большое за видео",2025-04-15T18:27:19Z,3,0,3
Ugxb435ZJI0Z0FI4d6x4AaABAg,xKJr9K8558c,https://www.youtube.com/watch?v=xKJr9K8558c,БРИДЖЕРТОНЫ: почему нам нравятся истории о любви?(ОкКульт),@durgadevy,Круто! Новый выпуск! Спасибо ❤️,2025-04-15T18:18:53Z,3,0,3
UgzPj5k3VQUfvcB0wit4AaABAg,xKJr9K8558c,https://www.youtube.com/watch?v=xKJr9K8558c,БРИДЖЕРТОНЫ: почему нам нравятся истории о любви?(ОкКульт),@tanyaso1015,"Другой вайб, но тоже очень интерксный сериал с большии количеством красоты- ""чужестранка"".А похожй вайб "" Аббатство Даунтон"".От сердечка отрываю свои любимые сериалы 😊.",2025-04-20T11:06:27Z,3,0,3
UgzKo1KcSWwW5oEmck14AaABAg,xKJr9K8558c,https://www.youtube.com/watch?v=xKJr9K8558c,БРИДЖЕРТОНЫ: почему нам нравятся истории о любви?(ОкКульт),@alinadubrowskay2539,"Спасибо за классное видео. Хочу отметить про балерину фарм. Вся ее история с мужем это сплошной красный флаг и ее готовили с детства к такой жизни, так как она мармонка. Ужасное религиозное движение которое отбирает личность у девушки, ломает и подстраивает ее под мужчину и таких историй очень много, просто не все девушки попадают в семью миллионера😢 Хотя даже при наличии денег у балерины фарм нет возможности жить так как она хочет и это очень грустно.",2025-04-16T05:41:29Z,3,0,3
Ugzpss0OLNOqPe76QZh4AaABAg,xKJr9K8558c,https://www.youtube.com/watch?v=xKJr9K8558c,БРИДЖЕРТОНЫ: почему нам нравятся истории о любви?(ОкКульт),@krhnva,"А я недавно посмотрела сериал ""Позолоченный век"", мне оооочень понравилось, жду следующий сезон. Он не такой легкий, как Бриджертоны, но все равно интересный и красивый (тоже достаточно яркий). Действия развиваются в период индустриального бума в США. Актерский состав тоже суперский!",2025-04-16T07:08:58Z,2,1,3
UgwAfahMc1xl1WIqziJ4AaABAg,xKJr9K8558c,https://www.youtube.com/watch?v=xKJr9K8558c,БРИДЖЕРТОНЫ: почему нам нравятся истории о любви?(ОкКульт),@АнастасияВасильева-щ3д,"Надоело, что все лезут к этой балерине, включая Эн Хэтуэй. Оставьте девушку в покое, может ей нравится ее жизнь, в конце концов это ее выбор.",2025-04-15T20:33:05Z,3,0,3
UgxlUiOpD_uFmjXjyjx4AaABAg,xKJr9K8558c,https://www.youtube.com/watch?v=xKJr9K8558c,БРИДЖЕРТОНЫ: почему нам нравятся истории о любви?(ОкКульт),@Livia8748,Именно женский взгляд Кетрин Хардвиг заставил нас так любить первый фильм «Сумерки»❤️,2025-10-23T21:59:10Z,2,0,2
Ugwl1VNXPeofjZ3XsF54AaABAg,xKJr9K8558c,https://www.youtube.com/watch?v=xKJr9K8558c,БРИДЖЕРТОНЫ: почему нам нравятся истории о любви?(ОкКульт),@Turandoth1,"Керемет, Лика, рахмет. Қолыңыз дерт көрмесін ❤",2025-04-17T10:01:46Z,2,0,2
Ugw9aFwRkJ2wL7uU9ql4AaABAg,xKJr9K8558c,https://www.youtube.com/watch?v=xKJr9K8558c,БРИДЖЕРТОНЫ: почему нам нравятся истории о любви?(ОкКульт),@Kioki-p1q,"заваривайте чаёк, и приятного просмотра ❤️",2025-04-15T18:31:39Z,2,0,2
UgyNhjsPYUXKdKPk6Rt4AaABAg,xKJr9K8558c,https://www.youtube.com/watch?v=xKJr9K8558c,БРИДЖЕРТОНЫ: почему нам нравятся истории о любви?(ОкКульт),@Conan__01746,Мой любимый канал рассказал про любимый сериал ❤,2025-04-15T22:02:00Z,2,0,2
Ugx2RckcuWLA_jtgBUJ4AaABAg,xKJr9K8558c,https://www.youtube.com/watch?v=xKJr9K8558c,БРИДЖЕРТОНЫ: почему нам нравятся истории о любви?(ОкКульт),@АнастасияАлейникова-ч5ж,"Какой чудесный наряд, почему-то возникла ассоциация с портретами северного возрождения ❤",2025-04-15T20:39:06Z,2,0,2
Ugx-I-BHIQT0K5Os33l4AaABAg,xKJr9K8558c,https://www.youtube.com/watch?v=xKJr9K8558c,БРИДЖЕРТОНЫ: почему нам нравятся истории о любви?(ОкКульт),@Dr.Mironova,"Очень круто, что сериал испанский, и его еще не перевели❤как раз что-то испаноязычное в духе Бриджертонов искала. Спасибище!",2025-04-15T21:28:46Z,2,0,2
UgyPvgfsnll2R07qXkt4AaABAg,xKJr9K8558c,https://www.youtube.com/watch?v=xKJr9K8558c,БРИДЖЕРТОНЫ: почему нам нравятся истории о любви?(ОкКульт),@nikolyan7343,"Вы так интересно рассказываете посыл сериала, что решил остановиться и начать его смотреть!",2025-04-18T21:02:03Z,0,2,2
Ugy_m5reVrtBWEKhmr54AaABAg,xKJr9K8558c,https://www.youtube.com/watch?v=xKJr9K8558c,БРИДЖЕРТОНЫ: почему нам нравятся истории о любви?(ОкКульт),@Amelian-gv6wt,"Перекаченные мужики это может и прикольно, но умный, добрый, заботливый это же прям ходячий кекс. Согласитесь, красивый качок без глубокого внутреннего мира это просто болванка.",2025-06-05T08:10:12Z,2,0,2
UgzjJgIgTcfKoArMJ754AaABAg,xKJr9K8558c,https://www.youtube.com/watch?v=xKJr9K8558c,БРИДЖЕРТОНЫ: почему нам нравятся истории о любви?(ОкКульт),@SIRENSLAY222,"Когда мне хочется посмотреть постельные сцены, я включаю другое кино. В сериалах мне интересно развитие отношений персонажей через хорошо прописанные диалоги и взаимодействие в сюжете, а постельные сцены пришлось проматывать, тк мне абсолютно пофиг кто как сношается и эстетики в этом никакой не вижу, да и не понимаю отстаивание права актрисы покрасоваться в кадре, ее уже взяли потому что она красивая и привлекательная 🤷 наверное поэтому так популярны дорамы, ведь постельных сцен там нет как раз потому что они ничего не привносят в сюжет и только занимают экранное время",2025-04-16T12:26:02Z,1,1,2
UgwUbQK-J-HNb0DnAQB4AaABAg,xKJr9K8558c,https://www.youtube.com/watch?v=xKJr9K8558c,БРИДЖЕРТОНЫ: почему нам нравятся истории о любви?(ОкКульт),@Dr.Mironova,"Залпом посмотрела весь сезон, спасибо 🌹",2025-05-03T00:41:32Z,1,0,1
UgzykvtPyt9gHznda7x4AaABAg,xKJr9K8558c,https://www.youtube.com/watch?v=xKJr9K8558c,БРИДЖЕРТОНЫ: почему нам нравятся истории о любви?(ОкКульт),@LoliLinderman,Сериал у нас перевели как Компаньонки. Он озвучен на русском и есть в ВК,2025-05-13T15:41:16Z,1,0,1
UgzCZeXkNLH83mHwnw54AaABAg,xKJr9K8558c,https://www.youtube.com/watch?v=xKJr9K8558c,БРИДЖЕРТОНЫ: почему нам нравятся истории о любви?(ОкКульт),@Кристина-ш1ч1о,Спасибо большое за анализ Бриджертонов 😍,2025-04-16T17:38:23Z,1,0,1
UgxlrVEIf1OO0GACI8Z4AaABAg,xKJr9K8558c,https://www.youtube.com/watch?v=xKJr9K8558c,БРИДЖЕРТОНЫ: почему нам нравятся истории о любви?(ОкКульт),@evgenianikolaeva,Наряд просто огонь!🔥🔥🔥🔥 🫶,2025-04-16T15:41:26Z,1,0,1
Ugw9iiB_W8NPZElunRJ4AaABAg,xKJr9K8558c,https://www.youtube.com/watch?v=xKJr9K8558c,БРИДЖЕРТОНЫ: почему нам нравятся истории о любви?(ОкКульт),@Юля-в3ы7у,"Про семью очео понравилась новая  экранизация ""Маленьких женщин""",2025-04-16T11:42:28Z,1,0,1
UgxYsRIfBsFDdvqyPt14AaABAg,xKJr9K8558c,https://www.youtube.com/watch?v=xKJr9K8558c,БРИДЖЕРТОНЫ: почему нам нравятся истории о любви?(ОкКульт),@_.nanette._,"Очень люблю ваши видео❤ Спасибо за ваш труд, великолепный наряд!❤❤❤❤",2025-04-16T19:00:06Z,1,0,1
UgyvGktUXM_ecFq2EAB4AaABAg,xKJr9K8558c,https://www.youtube.com/watch?v=xKJr9K8558c,БРИДЖЕРТОНЫ: почему нам нравятся истории о любви?(ОкКульт),@МарияМарзия,Круто! Спасибо!❤,2025-04-15T19:48:24Z,1,0,1
Ugz60foQYrPV8WypgXl4AaABAg,xKJr9K8558c,https://www.youtube.com/watch?v=xKJr9K8558c,БРИДЖЕРТОНЫ: почему нам нравятся истории о любви?(ОкКульт),@aigulkhairullina3870,"Еще есть сериал ярмарка тщеславия, тоже интересный сериал",2025-04-16T04:00:36Z,1,0,1
UgzL7Qa7VLlGVioTYit4AaABAg,xKJr9K8558c,https://www.youtube.com/watch?v=xKJr9K8558c,БРИДЖЕРТОНЫ: почему нам нравятся истории о любви?(ОкКульт),@sofiaperezk,"Лика, благодарю за рекомендацию. «Компаньонки» отличный сериал 🔥🔥🔥",2025-04-17T08:27:46Z,1,0,1
UgwRqk3GjmHB4IFiDf14AaABAg,xKJr9K8558c,https://www.youtube.com/watch?v=xKJr9K8558c,БРИДЖЕРТОНЫ: почему нам нравятся истории о любви?(ОкКульт),@ЕленаП-г8ф,"Увлекательный разбор про любимый сериал❤
Вы прекрасно выглядите, наряд вам к лицу❤",2025-04-15T23:05:49Z,1,0,1
UgwIABxFH0_PpmHEUZt4AaABAg,xKJr9K8558c,https://www.youtube.com/watch?v=xKJr9K8558c,БРИДЖЕРТОНЫ: почему нам нравятся истории о любви?(ОкКульт),@watashi_wa_tellu,Слушать Ваш голос - услада для ушей))) Во много согласна по поводу Бриджертонов. И с Вашей подачи я заинтересовалась этим новым испанским сериалом. Спасибо большое,2025-04-17T09:16:42Z,1,0,1
UgzgVO--qCmoaN3Whhd4AaABAg,xKJr9K8558c,https://www.youtube.com/watch?v=xKJr9K8558c,БРИДЖЕРТОНЫ: почему нам нравятся истории о любви?(ОкКульт),@l_love_Velvette,Еессс ура новое видео,2025-04-15T18:23:31Z,1,0,1
UgyAEMfll3YmalMYk9l4AaABAg,xKJr9K8558c,https://www.youtube.com/watch?v=xKJr9K8558c,БРИДЖЕРТОНЫ: почему нам нравятся истории о любви?(ОкКульт),@Mettstone,"Вайолет не скидывала ответственность на сына, Это врач сам пришёл, она же прямо там говорила что Лорд Бриджертон ребенок, он появился из ее чрева в этой комнате, как он может решить?(Я конечно плохо помню, поправьте если что)",2025-04-16T07:31:58Z,1,0,1
Ugyp2bFAOMo3FtKlor94AaABAg,xKJr9K8558c,https://www.youtube.com/watch?v=xKJr9K8558c,БРИДЖЕРТОНЫ: почему нам нравятся истории о любви?(ОкКульт),@OlgaTikhomirova,БрИджертон,2025-04-21T10:58:32Z,1,0,1
UgxEVSgqPWDu2nChnhF4AaABAg,xKJr9K8558c,https://www.youtube.com/watch?v=xKJr9K8558c,БРИДЖЕРТОНЫ: почему нам нравятся истории о любви?(ОкКульт),@Sapho74,"Ну да, очевидно, что Бриджертоны - ваш потолок😂😂😂😂😂😂",2025-04-16T07:39:37Z,1,0,1
Ugx3Xg2dQMzpjuRDRqB4AaABAg,xKJr9K8558c,https://www.youtube.com/watch?v=xKJr9K8558c,БРИДЖЕРТОНЫ: почему нам нравятся истории о любви?(ОкКульт),@КсенияРоманенко-с4ю,Очень обидно за Гомера Симпсона... В более ранних сезонах его персонаж очень хорошо раскрывали и объясняли мотивацию.,2025-04-16T01:47:32Z,1,0,1
UgxDiCk1w_ywMfBIeeN4AaABAg,xKJr9K8558c,https://www.youtube.com/watch?v=xKJr9K8558c,БРИДЖЕРТОНЫ: почему нам нравятся истории о любви?(ОкКульт),@Kelpietilya,"Вот еще несколько сериалов, более менее в тему:

Джентльмен Джек
Основано на биографии реальной женщины аристократки, самостоятельно управлявшей своим поместьем (возмущавшей все общество), и желавшей найти жену.

Скарлет и Герцог
Про девушку детектива, унаследовавшую детективное агенство от отца. Ей постоянно мешают работать на основании пола.

Чуть свет - в клэндфорд
Классический английский стиль, уже совсем далеко от Бриджертонов, про маленький городок и деревушку, где все друг друга знают, кто-то влюбляется, кто-то сплетничает, всякое такое. Есть в нем нечто уютное.",2025-04-15T22:14:16Z,1,0,1
UgzrEAx21hJusV9NBpB4AaABAg,xKJr9K8558c,https://www.youtube.com/watch?v=xKJr9K8558c,БРИДЖЕРТОНЫ: почему нам нравятся истории о любви?(ОкКульт),@Hoking_teese_mua,"Привет) я посмотрела сериал на одном дыхании❤ и при просмотре вспомнила о похожем. Кстати компаньонки на рутубе с озвучкой. Похожий по роману Джейн Остин и тоже несуществующем городе 19 века Сендитон. Именно во втором сезоне гг становится компаньонкой для двух дочерей Александра Малькома.
Сериал с первых серий не так затягивает, но ближе к середине смотреть интересно)",2025-04-19T06:31:58Z,0,1,1
Ugw6ZiTwx1RCcN5eV4p4AaABAg,xKJr9K8558c,https://www.youtube.com/watch?v=xKJr9K8558c,БРИДЖЕРТОНЫ: почему нам нравятся истории о любви?(ОкКульт),@nadezhdap5907,"Дальше 3 серии 1 сезона не смогла смотреть. Да, картинка красивая и я люблю костюмные фильмы. Но его нельзя смотреть ни как исторический фильм, но и по современным реалиям он абсолютно не логичный. Эта задумка Дафны и Саймона абсолютно тупая. Как можно привлечь женихов, изображая, что ты без ума от другого мужчины? Да остальные все разбегутся, считая, что она занята. А в исторических реалиях ему уже пришлось бы сделать предложение, иначе это позор",2025-04-23T03:04:27Z,1,0,1
Ugxsqul18mUVIU0hY2R4AaABAg,xKJr9K8558c,https://www.youtube.com/watch?v=xKJr9K8558c,БРИДЖЕРТОНЫ: почему нам нравятся истории о любви?(ОкКульт),@ДмитрийЛашин-ы6т,Какой глупый анализ,2025-04-19T10:17:10Z,1,0,1
UgzJDG1CGdR6GnsFjkt4AaABAg,xKJr9K8558c,https://www.youtube.com/watch?v=xKJr9K8558c,БРИДЖЕРТОНЫ: почему нам нравятся истории о любви?(ОкКульт),@stitchmisspo,"Сомневаюсь, что запрет абортов и прочего направлено против прав женщин. Население развитых стран пополняется за счет приезжих, везде демографический кризис. Это скорее социальная политика, направленная и на мужчин, и на женщин. Туда же и вайбы традиционных ценностей направлены.",2025-04-16T10:00:16Z,1,0,1
UgyFlL6ERVRR9jN2htt4AaABAg,xKJr9K8558c,https://www.youtube.com/watch?v=xKJr9K8558c,БРИДЖЕРТОНЫ: почему нам нравятся истории о любви?(ОкКульт),@Kira_Bai,От души за рекомендацию!  Обязательно посмотрю❤,2025-04-18T05:40:31Z,0,0,0
UgyOAUqscEWW6zQQK2l4AaABAg,xKJr9K8558c,https://www.youtube.com/watch?v=xKJr9K8558c,БРИДЖЕРТОНЫ: почему нам нравятся истории о любви?(ОкКульт),@mc_oduvan,утро начинается не в с кофе)),2025-04-16T07:19:14Z,0,0,0
UgyjgPuICxrSX_9V6HN4AaABAg,xKJr9K8558c,https://www.youtube.com/watch?v=xKJr9K8558c,БРИДЖЕРТОНЫ: почему нам нравятся истории о любви?(ОкКульт),@anastasiakisler3318,Вчера пересмотрела все 3 сезона. Получила огромное удовольствие!,2025-04-19T11:55:49Z,0,0,0
UgxxweoUY2vBH22D8Dx4AaABAg,xKJr9K8558c,https://www.youtube.com/watch?v=xKJr9K8558c,БРИДЖЕРТОНЫ: почему нам нравятся истории о любви?(ОкКульт),@KnyazhnaKropotkina,спасибо за Компаньонку! Очень понравилось 🥰,2025-04-17T22:49:56Z,0,0,0
UgyxsQhN_RO6qE-TugR4AaABAg,xKJr9K8558c,https://www.youtube.com/watch?v=xKJr9K8558c,БРИДЖЕРТОНЫ: почему нам нравятся истории о любви?(ОкКульт),@yashika_2000,Мне всегда смешно что я под ваши видео то готовлю то убираюсь,2025-04-15T20:38:17Z,0,0,0
UgwC_kgqH-FeLY1q3rZ4AaABAg,xKJr9K8558c,https://www.youtube.com/watch?v=xKJr9K8558c,БРИДЖЕРТОНЫ: почему нам нравятся истории о любви?(ОкКульт),@an_wolfn,"Все откладывала просмотр сериала, но, пожалуй, стоит посмотреть.",2025-04-17T14:12:03Z,0,0,0
UgwEKtQU-sukZ4NH8s14AaABAg,xKJr9K8558c,https://www.youtube.com/watch?v=xKJr9K8558c,БРИДЖЕРТОНЫ: почему нам нравятся истории о любви?(ОкКульт),@billinedobilli957,Спасибо! Очень интересно! Теперь буду смотреть сериал 😊,2025-04-20T05:18:33Z,0,0,0
UgxkCqKNDteSvW6DEM54AaABAg,xKJr9K8558c,https://www.youtube.com/watch?v=xKJr9K8558c,БРИДЖЕРТОНЫ: почему нам нравятся истории о любви?(ОкКульт),@AriannaGomaa,"Как только приходит уведомление, я нажимаю лайк, и только потом, смотрю♥",2025-04-15T21:17:22Z,0,0,0
UgwHjYkR9ce8hXD7rzF4AaABAg,xKJr9K8558c,https://www.youtube.com/watch?v=xKJr9K8558c,БРИДЖЕРТОНЫ: почему нам нравятся истории о любви?(ОкКульт),@aria8066,От это я вовремя вернулась к изучению испанского,2025-04-16T10:22:12Z,0,0,0
UgwqnsQsAVvOqYLjY6F4AaABAg,xKJr9K8558c,https://www.youtube.com/watch?v=xKJr9K8558c,БРИДЖЕРТОНЫ: почему нам нравятся истории о любви?(ОкКульт),@b3stofevery0Ne,"Большое спасибо, вы супер! Очень нравитесь 😍 ❤",2025-04-16T18:38:22Z,0,0,0
Ugw9JX4B8VCfzZJbeAJ4AaABAg,xKJr9K8558c,https://www.youtube.com/watch?v=xKJr9K8558c,БРИДЖЕРТОНЫ: почему нам нравятся истории о любви?(ОкКульт),@ДарьяЖуравлева-х3к,"Лика, вы всегда прекрасно выглядите! Вы очень красивая, я в каждом видео вами любуюсь ❤ А уж как вы держите внимание и подаёте информацию - просто фантастика!",2025-05-30T19:36:22Z,0,0,0
UgwbY44xoFsc9q_cTgV4AaABAg,xKJr9K8558c,https://www.youtube.com/watch?v=xKJr9K8558c,БРИДЖЕРТОНЫ: почему нам нравятся истории о любви?(ОкКульт),@svetlanastrykova993,"Спасибо за анализ и за новый совет, что посмотреть❤️
Бриджертонов смотрим вместе с матерью, любим)",2025-04-17T09:03:23Z,0,0,0
UgyDTHPE4hg3RVrrdfZ4AaABAg,xKJr9K8558c,https://www.youtube.com/watch?v=xKJr9K8558c,БРИДЖЕРТОНЫ: почему нам нравятся истории о любви?(ОкКульт),@kseniyainspiration,"Посмотрела рекомендованный сериал - бомба!!! Действительно по вайбу похоже на Бриджертонов , спасибо за наводку))",2025-07-08T13:47:31Z,0,0,0
UgxkY8WS3GcrZqC7oFt4AaABAg,xKJr9K8558c,https://www.youtube.com/watch?v=xKJr9K8558c,БРИДЖЕРТОНЫ: почему нам нравятся истории о любви?(ОкКульт),@selena5297,"Теперь я хочу посмотреть оба этих сериала, начну пожалуй с последнего ^^",2025-04-16T15:17:19Z,0,0,0
UgzIVGVd7_h6kZwOZ654AaABAg,xKJr9K8558c,https://www.youtube.com/watch?v=xKJr9K8558c,БРИДЖЕРТОНЫ: почему нам нравятся истории о любви?(ОкКульт),@callmesofya,Ты выглядишь чудесно!❤,2025-04-16T08:16:53Z,0,0,0
UgwK2j4X9FNng1uVVNp4AaABAg,xKJr9K8558c,https://www.youtube.com/watch?v=xKJr9K8558c,БРИДЖЕРТОНЫ: почему нам нравятся истории о любви?(ОкКульт),@TheMarinka11,"Шикарно о Бриджертонах, и совет классный! Буду смотреть  сериал компаньонка!!!",2025-04-18T09:49:09Z,0,0,0
UgyZRnnM-akFGI4Gc294AaABAg,xKJr9K8558c,https://www.youtube.com/watch?v=xKJr9K8558c,БРИДЖЕРТОНЫ: почему нам нравятся истории о любви?(ОкКульт),@ЛюдмилаЗубкова-д7и,такая чашка необычная....,2025-04-16T09:24:48Z,0,0,0
Ugy5v1FrgdvAJZbbt7F4AaABAg,xKJr9K8558c,https://www.youtube.com/watch?v=xKJr9K8558c,БРИДЖЕРТОНЫ: почему нам нравятся истории о любви?(ОкКульт),@АннаБойчук-х1б,"Ожидала увидеть критику этого сериала и никак не ожидала,что автор - его фанатка😮",2025-05-27T06:21:54Z,0,0,0
UgxFSzJ4Md-ZKRfPcER4AaABAg,xKJr9K8558c,https://www.youtube.com/watch?v=xKJr9K8558c,БРИДЖЕРТОНЫ: почему нам нравятся истории о любви?(ОкКульт),@odinokyoduvan5239,"Ну все
Пойду смотреть 😄",2025-04-17T11:34:45Z,0,0,0
UgxrJeMWVPJpDyz0fvB4AaABAg,xKJr9K8558c,https://www.youtube.com/watch?v=xKJr9K8558c,БРИДЖЕРТОНЫ: почему нам нравятся истории о любви?(ОкКульт),@aleksandranazmeeva9076,Вы тоже такая комфортная!,2025-04-16T17:06:38Z,0,0,0
UgzaRU_zGb-Jie-ac154AaABAg,xKJr9K8558c,https://www.youtube.com/watch?v=xKJr9K8558c,БРИДЖЕРТОНЫ: почему нам нравятся истории о любви?(ОкКульт),@svetlanastrykova993,"Это желание, чтобы история нашей планеты развивалась до прогресивного в сжатые сроки😊",2025-04-17T08:05:27Z,0,0,0
Ugw2kjbmSeysbaas40t4AaABAg,xKJr9K8558c,https://www.youtube.com/watch?v=xKJr9K8558c,БРИДЖЕРТОНЫ: почему нам нравятся истории о любви?(ОкКульт),@yablandinko8856,посмотрела компаньонку) классный сериал) с юмором) жду 2 сезон),2025-04-17T10:52:34Z,0,0,0
Ugw4yJp9KUbvPj4n9vl4AaABAg,xKJr9K8558c,https://www.youtube.com/watch?v=xKJr9K8558c,БРИДЖЕРТОНЫ: почему нам нравятся истории о любви?(ОкКульт),@olesyastockhausen1124,"Лика, с с первых минут оценила сегодняшний образ 😊 тебе очень идёт темносиний.❤",2025-04-17T16:36:18Z,0,0,0
UgznagRkWAYu7RqcPFF4AaABAg,xKJr9K8558c,https://www.youtube.com/watch?v=xKJr9K8558c,БРИДЖЕРТОНЫ: почему нам нравятся истории о любви?(ОкКульт),@ЕкатеринаГусева-б7п,Рекомендую еще сериал Буканьерки) тоже в стиле бриджертонов)),2025-04-16T12:36:46Z,0,0,0
Ugy4et6WszpwfsFqy094AaABAg,xKJr9K8558c,https://www.youtube.com/watch?v=xKJr9K8558c,БРИДЖЕРТОНЫ: почему нам нравятся истории о любви?(ОкКульт),@AlisaVtrindece,"Спасибо большое за рекомендацию, "" Компаньонка"" потрясающий сериал- красивый и забавный, и реально , очень похож на Бриджеотонов❤❤",2025-04-16T16:46:56Z,0,0,0
Ugwh0bz5FuTMfcUxdih4AaABAg,xKJr9K8558c,https://www.youtube.com/watch?v=xKJr9K8558c,БРИДЖЕРТОНЫ: почему нам нравятся истории о любви?(ОкКульт),@olenabestik2445,"Лика, а что ты можешь сказать про  диснеевский сериал ""Разбойница Нелл""?",2025-04-20T21:58:35Z,0,0,0
UgwxvECH3X15C06Hvst4AaABAg,xKJr9K8558c,https://www.youtube.com/watch?v=xKJr9K8558c,БРИДЖЕРТОНЫ: почему нам нравятся истории о любви?(ОкКульт),@anaparchou4804,"Классная и актуальная тема! Спасибо, очень круто рассказываете 🍒 Недавно нашла американский сериал ""The Buccaneers"" (Буканьерки), в том же стиле и о тех же проблемах. Рекомендую, кто ищет что-то похожее в ожидании нового сезона Бриджертонов",2025-04-17T21:02:38Z,0,0,0
Ugw2CNG7lfwaH-3OW4h4AaABAg,xKJr9K8558c,https://www.youtube.com/watch?v=xKJr9K8558c,БРИДЖЕРТОНЫ: почему нам нравятся истории о любви?(ОкКульт),@All_Sonya,"Не смотрела бриджентонов, но захотела и компаньонка для леди тоже❤
Спасибо ❤",2025-04-19T05:08:14Z,0,0,0
UgyankKce6SAVS8FyIt4AaABAg,xKJr9K8558c,https://www.youtube.com/watch?v=xKJr9K8558c,БРИДЖЕРТОНЫ: почему нам нравятся истории о любви?(ОкКульт),@marsyymarsy,интересно вы смотрели энн с двумя н? очень хотелось бы узнать ваше мнение о нем,2025-06-01T10:25:02Z,0,0,0
UgztcdzpBm-eMj2XK5B4AaABAg,xKJr9K8558c,https://www.youtube.com/watch?v=xKJr9K8558c,БРИДЖЕРТОНЫ: почему нам нравятся истории о любви?(ОкКульт),@ktor-tt,"Посмотрела недавно Компаньонки, атмосферой очень похоже Бриджертоны, очень легкий и приятный сериал, много смыслов и взгляды на разные ситуации не под одним углом, а с разных сторон и чувств персонажей",2025-05-18T20:22:38Z,0,0,0
UgwQdP7w1tPQXAHQ8lt4AaABAg,xKJr9K8558c,https://www.youtube.com/watch?v=xKJr9K8558c,БРИДЖЕРТОНЫ: почему нам нравятся истории о любви?(ОкКульт),@kseniaafanaseva8620,Это видео скрасит мою никчёмную жизнь  в ожидании нового сезона мне совсем не с кем  обсудить их 😂,2025-04-15T22:55:31Z,0,0,0
UgzhLWuhThlZbhna5114AaABAg,xKJr9K8558c,https://www.youtube.com/watch?v=xKJr9K8558c,БРИДЖЕРТОНЫ: почему нам нравятся истории о любви?(ОкКульт),@Kelpietilya,"Посмотрела Мануал для синьерит. Очень милый, то чтотнадо, спасибо!😊",2025-04-18T08:46:33Z,0,0,0
Ugx_Tk9WdX93AsegO7J4AaABAg,xKJr9K8558c,https://www.youtube.com/watch?v=xKJr9K8558c,БРИДЖЕРТОНЫ: почему нам нравятся истории о любви?(ОкКульт),@ЕкатеринаИгоревна-ш5б,"Люблю Бриджертонов😂рада, что 4 сезон будет по моей любимой книге, жду, жду. Сериал красивый, яркий, крутой. Очень здоровский❤",2025-04-19T17:30:20Z,0,0,0
UgxoOs6d9DH8F06X8c94AaABAg,xKJr9K8558c,https://www.youtube.com/watch?v=xKJr9K8558c,БРИДЖЕРТОНЫ: почему нам нравятся истории о любви?(ОкКульт),@svetlanastrykova993,"А про сериалы Феллоуза будет обзор?
Или по Чужестранке? Или там ещё по одному историческому, Полдарк, кажется?",2025-04-19T11:47:22Z,0,0,0
UgwjL2HQ6XZPV73DG814AaABAg,xKJr9K8558c,https://www.youtube.com/watch?v=xKJr9K8558c,БРИДЖЕРТОНЫ: почему нам нравятся истории о любви?(ОкКульт),@АнастасияАп-д6о,"🎉 люблю их
Особенно Пенелопу)",2025-04-17T07:52:23Z,0,0,0
UgyTKGCAsa82R8u4XY14AaABAg,xKJr9K8558c,https://www.youtube.com/watch?v=xKJr9K8558c,БРИДЖЕРТОНЫ: почему нам нравятся истории о любви?(ОкКульт),@kassichi,"Спасибо за видео!! Вы упоминали, что у вас есть какой-то список фильмов с романтическими отношениями между взрослыми людьми и постельными сценами между ними. Можете, пожалуйста, посоветовать или поделиться списком!!",2025-10-15T16:17:19Z,0,0,0
UgzYyu2a5acnOoSmTP94AaABAg,xKJr9K8558c,https://www.youtube.com/watch?v=xKJr9K8558c,БРИДЖЕРТОНЫ: почему нам нравятся истории о любви?(ОкКульт),@marinamel4707,Я уже смотрю сериал про дуэнью.интересно.,2025-04-16T03:54:55Z,0,0,0
UgynUeVgF4OdaOJNRth4AaABAg,xKJr9K8558c,https://www.youtube.com/watch?v=xKJr9K8558c,БРИДЖЕРТОНЫ: почему нам нравятся истории о любви?(ОкКульт),@sewing_nomad,Обожаю Бриджертонов и Королева Шарлотта и вообще я хотела бы каждый вечер вместо новостей смотреть новую серию этого прекрасного сериала,2025-04-16T10:39:17Z,0,0,0
UgyuJP_QhcUFv9CtV_14AaABAg,xKJr9K8558c,https://www.youtube.com/watch?v=xKJr9K8558c,БРИДЖЕРТОНЫ: почему нам нравятся истории о любви?(ОкКульт),@XDAliyaXD,"Amazon тоже хотели своих Бриджертогов: выпустили замечательный сериал Леди Джейн, тоже снятый по книге, и благополучно закрыли его через месяц после релиза😢",2025-04-24T16:07:44Z,0,0,0
UgzuvcIiskmO9wSTZ8R4AaABAg,xKJr9K8558c,https://www.youtube.com/watch?v=xKJr9K8558c,БРИДЖЕРТОНЫ: почему нам нравятся истории о любви?(ОкКульт),@Houston_we_have_no_one_problem,"15:26 вот настолько надо быть не в материале, чтобы это ляпнуть",2025-11-26T20:05:11Z,0,0,0
Ugw4ll8II4emdcWyqMl4AaABAg,xKJr9K8558c,https://www.youtube.com/watch?v=xKJr9K8558c,БРИДЖЕРТОНЫ: почему нам нравятся истории о любви?(ОкКульт),@annastar9291,"Если режиссёрка, то и операторка - будьте последовательны.)",2025-04-16T08:55:47Z,0,0,0
UgxIhHXBF1tG1nLI48J4AaABAg,xKJr9K8558c,https://www.youtube.com/watch?v=xKJr9K8558c,БРИДЖЕРТОНЫ: почему нам нравятся истории о любви?(ОкКульт),@alisa_rogacheva,"И это тоже не смотрела, что не мешает получать удовольствие от просмотра ваших роликов",2025-11-14T08:15:50Z,0,0,0
Ugz8nQ_V6ijNG0Qp32h4AaABAg,xKJr9K8558c,https://www.youtube.com/watch?v=xKJr9K8558c,БРИДЖЕРТОНЫ: почему нам нравятся истории о любви?(ОкКульт),@svetlanastrykova993,"Когда же будет тренд на минимализм или китч в зависимости от того, нравится ли это лично вам? 🤔😋",2025-04-17T08:25:31Z,0,0,0
Ugxae4moK-VG9fSq00R4AaABAg,xKJr9K8558c,https://www.youtube.com/watch?v=xKJr9K8558c,БРИДЖЕРТОНЫ: почему нам нравятся истории о любви?(ОкКульт),@user-sw7ob8jz6f,"А я знаю целый фентези цикл русского автора, где офигенная любовная линия с героем, списанным с Броуди!",2025-04-18T09:54:05Z,0,0,0
UgxByjKN_a4DOm-8dwR4AaABAg,xKJr9K8558c,https://www.youtube.com/watch?v=xKJr9K8558c,БРИДЖЕРТОНЫ: почему нам нравятся истории о любви?(ОкКульт),@Dr.Mironova,"23:57 Не будет второго сезона, хнык.",2025-10-17T00:24:19Z,0,0,0
UgzvsbQhz9QsKR_lK3d4AaABAg,xKJr9K8558c,https://www.youtube.com/watch?v=xKJr9K8558c,БРИДЖЕРТОНЫ: почему нам нравятся истории о любви?(ОкКульт),@vareshka1905,"9:56 реально
никогда не задумывалась😂
12:00 согласна
красивую девушку представить легко
а красивого мужчину представить не могу
хотя мне один раз понравился солист группы
но сходив на его концерт он перестал быть красивым
спасибо за подсказку
посмотрю 2 сериал",2025-04-16T06:34:54Z,0,0,0
UgwSZqt-1sq8WsFC7T54AaABAg,xKJr9K8558c,https://www.youtube.com/watch?v=xKJr9K8558c,БРИДЖЕРТОНЫ: почему нам нравятся истории о любви?(ОкКульт),@purelfe,"Осторожно про Балерина Фарм, многие американские блогеры уже делали на нее обзоры, там очень все не так как она показывает, и все за них делают другие, чтобы она могла перед камерой взбивать масло.",2025-10-24T13:08:19Z,0,0,0
UgxASPlorhXlH--NOeR4AaABAg,xKJr9K8558c,https://www.youtube.com/watch?v=xKJr9K8558c,БРИДЖЕРТОНЫ: почему нам нравятся истории о любви?(ОкКульт),@marimay4725,А как вам ''сага о Форсайтах''?,2025-04-16T13:53:50Z,0,0,0
UgyjyirC5sufL6IzB5B4AaABAg,xKJr9K8558c,https://www.youtube.com/watch?v=xKJr9K8558c,БРИДЖЕРТОНЫ: почему нам нравятся истории о любви?(ОкКульт),@tashkawendy,"Я посмотрела Бриджертонов в прошлом году из-за попадающихся моментов в шортсах. Как Пенелопа решилась изменить навязанный матерью стиль и поразила свет изумрудным платьем. Как Дафна взаимодействовала с герцогом. Красивые платюшки и прически.
Создатели явно сделали ставку на женскую аудиторию и не прогадали. Мне понравился антураж, как раскрывали персонажей, конфликты на мой взгляд не высосаны из пальца, у героев есть мотивы. Подняты темы сексуальности и частично, чайлд-фри.
Дружно ждем 4 сезон, там явно будут выдавать замуж сестренку-феминистку или женить второго сына, будет интересно.",2025-04-17T20:45:48Z,0,0,0
UgzAnWMQA6SYiE4VGpN4AaABAg,xKJr9K8558c,https://www.youtube.com/watch?v=xKJr9K8558c,БРИДЖЕРТОНЫ: почему нам нравятся истории о любви?(ОкКульт),@leprechaunn2693,"Посмотрите корейский сериал, когда жизнь преподносит мандарины)",2025-06-23T11:35:50Z,0,0,0
UgwAFGTAbzgCMZLRHXh4AaABAg,xKJr9K8558c,https://www.youtube.com/watch?v=xKJr9K8558c,БРИДЖЕРТОНЫ: почему нам нравятся истории о любви?(ОкКульт),@joselinsmitt4705,"А я бы лучше посоветовала Буконьерки,вайб не совсем бриджертоны,но более менее интересно)Особенно линия Лиззи и Тео",2025-08-30T11:41:27Z,0,0,0
UgzDx-jjpiY2PToFZVN4AaABAg,xKJr9K8558c,https://www.youtube.com/watch?v=xKJr9K8558c,БРИДЖЕРТОНЫ: почему нам нравятся истории о любви?(ОкКульт),@Turandoth1,"Посмотрите сериал Юная Younger, про 40 летнюю женщину, которая после развода выдает себя за 27 летнюю чтобы устроиться на работу. Героиня начинает встречаться с молодым парнем, гораздо младше себя. Концовка мне правда не нравится, сдулся. Но первые серии чудесны. 
Сексуальная жизнь студенток тоже вроде был интересныц, но сейчас не помню о чем был фильм",2025-04-17T10:09:39Z,0,0,0
Ugw1mcAKfIZYTKhOkMZ4AaABAg,xKJr9K8558c,https://www.youtube.com/watch?v=xKJr9K8558c,БРИДЖЕРТОНЫ: почему нам нравятся истории о любви?(ОкКульт),@mgabdul2247,"В уроках химии есть героиня, которая не заинтересована в замужестве. И да, я понимаю, что ведущей канала на камеру нужно выглядеть чисто и опрятно. Спасибо за труд и интересный контент 💝",2025-10-03T10:29:29Z,0,0,0
UgyOkJCXXxCkwlI1eqB4AaABAg,xKJr9K8558c,https://www.youtube.com/watch?v=xKJr9K8558c,БРИДЖЕРТОНЫ: почему нам нравятся истории о любви?(ОкКульт),@sanya8147,ну почему БриджертОны,2025-05-25T13:43:46Z,0,0,0
Ugz4wTsTjIz6137Vsf14AaABAg,xKJr9K8558c,https://www.youtube.com/watch?v=xKJr9K8558c,БРИДЖЕРТОНЫ: почему нам нравятся истории о любви?(ОкКульт),@Мария-ч7й7х,"Мне нравится главная актриса 3 сезона ещё со времен Девчонок из Дерри. Но я не почувствовала химии между актёрами, всё казалось каким-то натужным",2025-04-17T18:55:08Z,0,0,0
UgzRuBbZI8JqTHxe80x4AaABAg,xKJr9K8558c,https://www.youtube.com/watch?v=xKJr9K8558c,БРИДЖЕРТОНЫ: почему нам нравятся истории о любви?(ОкКульт),@ЕвгенияЕгорова-ъ9б,"Первый раз не смогла посмотреть, не зашло... Попробую еще раз и вернусь к этому видео😉",2025-04-16T11:44:54Z,0,0,0
UgyEHBahnQ5xCYcy8vh4AaABAg,xKJr9K8558c,https://www.youtube.com/watch?v=xKJr9K8558c,БРИДЖЕРТОНЫ: почему нам нравятся истории о любви?(ОкКульт),@_Cheshirecat._,"Блиииииин, наконец-то я это кто-то сказал! Я не одна 👻👻👻
Часто задаюсь вопросом как должна выглядеть объективация мужчин, вот такая прям махровая, и все равно не понимаю.
Раньше это ярко появлялось во взгляде на отношения с разными полами. Я бисексуальна и когда меня спрашивали об предпочтениях, я говорила мол девушка может зацепить меня чисто внешностью и я могу очень захотеть с ней сблизиться, пока она не заговорит (если не сойдёмся взглядами, то все угаснет), а вот мужчине изначально нужно что-то говорить, делать, как-то проявляться, чтобы возникло желание. Меня это прям подбешивает. Ведь о каком равенстве может идти речь, если у нас буквально не существует мужской сексуальной объективации? 🤯",2025-04-16T04:31:57Z,0,0,0
UgxmLMy0MIg8_GgCfZN4AaABAg,xKJr9K8558c,https://www.youtube.com/watch?v=xKJr9K8558c,БРИДЖЕРТОНЫ: почему нам нравятся истории о любви?(ОкКульт),@Alisaandreeva-m2n,"Спасибо за совет, очень хочется посмотреть что то похожее. Прочитала 6 книг и могу сказать в книгах нет каких либо глубинных тем. Просто лёгкие романы. А в сериалах чувствуется дух времени. Негры там смотрятся странно, особенно в костюмах и платьях, глаз режет.",2025-04-16T10:25:56Z,0,0,0
Ugz52I1CqvjDSi5TZeF4AaABAg,xKJr9K8558c,https://www.youtube.com/watch?v=xKJr9K8558c,БРИДЖЕРТОНЫ: почему нам нравятся истории о любви?(ОкКульт),@hg7211,"Из-за того что любовь это мейнстрим нынешнего века, и потому многие делают истории с первого взгляда на отъебись, я не ллюблю эти истории вообще. Но это не значит что они мне совсем не нравятся. Есть к примеру Обыкновенное чудо, где нормально прописали историю любви. Я ценю везде именно качество, а в любовных историях часто много тупости и ширпотреба. Давайте молиться на то чтобы лавстори были качественными и хорошо прописанными без тупости, газлайта, абъюза и унижения.",2025-06-15T14:08:07Z,0,0,0
UgwLvZs5hhWYQVZfNDF4AaABAg,xKJr9K8558c,https://www.youtube.com/watch?v=xKJr9K8558c,БРИДЖЕРТОНЫ: почему нам нравятся истории о любви?(ОкКульт),@svetlanastrykova993,"Ну Дуэнья выглядит более пастельно, а не кричаще🧐",2025-04-17T08:53:59Z,0,0,0
Ugxiu8RHnKkl5ue7epN4AaABAg,xKJr9K8558c,https://www.youtube.com/watch?v=xKJr9K8558c,БРИДЖЕРТОНЫ: почему нам нравятся истории о любви?(ОкКульт),@All_Sonya,"Могу добавить ещё один, правда давнишний, сериал для любителей нормальных и адекватных отношений: Лёгкая улыбка покоряет мир (китайский сериал)",2025-05-13T16:32:08Z,0,0,0
UgwMBeEEKfr0Zpv-5Xt4AaABAg,xKJr9K8558c,https://www.youtube.com/watch?v=xKJr9K8558c,БРИДЖЕРТОНЫ: почему нам нравятся истории о любви?(ОкКульт),@nikanari1,"Книги наудивленее сильно слабее чем сериал, но вот как раз проблема с тем что мгг не хотел детей от части было из-за того что в детстве он был заикой и это было непонятный болезнью и он боялся что ребёнок может тоже родится больным",2026-01-13T21:06:00Z,0,0,0
Ugzf4OYYJI732sj3SN94AaABAg,xKJr9K8558c,https://www.youtube.com/watch?v=xKJr9K8558c,БРИДЖЕРТОНЫ: почему нам нравятся истории о любви?(ОкКульт),@johnygjooon6967,"Не все гетеросексуальны и моногамны! А как же Бенедикт, он би и состояил в поли отношениях!",2025-04-18T15:50:43Z,0,0,0
UgxSIrrOm9wXieWU-t54AaABAg,xKJr9K8558c,https://www.youtube.com/watch?v=xKJr9K8558c,БРИДЖЕРТОНЫ: почему нам нравятся истории о любви?(ОкКульт),@janapetrova6921,ПРОСТАТИЧНОСТЬ!!!,2025-04-18T17:44:38Z,0,0,0
Ugw9y7SV1bXBB5XZ2_x4AaABAg,xKJr9K8558c,https://www.youtube.com/watch?v=xKJr9K8558c,БРИДЖЕРТОНЫ: почему нам нравятся истории о любви?(ОкКульт),@зазуага-б5ю,"Мне кажется на данный момент неправильно называть не""мужской взгляд"" ""женским"", если опираться в то почему так получилось то ""мужской взгляд"" можно обозначить как ""патриархальный"" а противопоставляемый ему можно обозначать например как ""гуманистический""
Ведь если ""мужской взгляд"" лишает женщин личности, то"" женский"", по аналогии, должен лишать личности мужчин
А объективизация какого-то пола это не черта мужчин или женщин, поэтому и вид съёмки когда мы видим на экране Людей, не стоит называть чисто"" женским""",2025-04-26T10:59:18Z,0,0,0
UgzwYUlW-Cr7v-x9hyV4AaABAg,xKJr9K8558c,https://www.youtube.com/watch?v=xKJr9K8558c,БРИДЖЕРТОНЫ: почему нам нравятся истории о любви?(ОкКульт),@ИннаКожурина-й2к,"Там в следующем сезоне как раз будет гомосексуальная ветка, насколько я поняла :))) так что как раз все будет",2025-04-17T13:38:15Z,0,0,0
UgwDHSSpx6FyYl_M32p4AaABAg,xKJr9K8558c,https://www.youtube.com/watch?v=xKJr9K8558c,БРИДЖЕРТОНЫ: почему нам нравятся истории о любви?(ОкКульт),@adolin225,"Хоть кто то задал тот же вопрос, что и я. Вот правда, откуда персонажи всегда падают после постельной сцены? 😂",2025-11-23T11:01:42Z,0,0,0
UgxTjj_3T1T2TM9nR2t4AaABAg,xKJr9K8558c,https://www.youtube.com/watch?v=xKJr9K8558c,БРИДЖЕРТОНЫ: почему нам нравятся истории о любви?(ОкКульт),@notwwwansik,Этот сериал дрисня.,2025-06-10T21:14:05Z,0,0,0
Ugy39qLCxKW79ixlfuV4AaABAg,xKJr9K8558c,https://www.youtube.com/watch?v=xKJr9K8558c,БРИДЖЕРТОНЫ: почему нам нравятся истории о любви?(ОкКульт),@odnokozav,"А как же фильм любовь по вызову ( удачи Лео Гранде), это же просто комбо там и возрастная героиня и её сексуальные желания, мужчина эскортник и в целом бережный или женский взгляд на женскую сексуальность, тело и привлекательность. 
Наверное это в целом антидот к мужскому взгляду",2025-04-16T12:02:07Z,0,0,0
UgyB2iNbtqS7pOPARwd4AaABAg,xKJr9K8558c,https://www.youtube.com/watch?v=xKJr9K8558c,БРИДЖЕРТОНЫ: почему нам нравятся истории о любви?(ОкКульт),@oyami4444,"Не, мне только гейские истории о любви нравятся. Меня не устраивает положение мужчины в ""классических"" и ""традиционных"" историях любви. Некайфово и иногда раздражающе.",2025-04-15T21:21:05Z,0,0,0
UgwGzTBYFRjx7rSCJn94AaABAg,xl65ISqd0YE,https://www.youtube.com/watch?v=xl65ISqd0YE,Какой персонаж  следующий? 💗#bridgerton #бриджертоны #элоизабриджертон,@ЯрославМиллер-т6ц,"Боже...Ваша мимика,харизма,это что то)",2024-07-16T16:18:22Z,165,0,165
UgyUS0Uu-cJsfnl_md94AaABAg,xl65ISqd0YE,https://www.youtube.com/watch?v=xl65ISqd0YE,Какой персонаж  следующий? 💗#bridgerton #бриджертоны #элоизабриджертон,@So_fa26,"Ооооооооооооо, как же ты шикарно передала её образ, это просто невероятно, аплодирую стоя",2024-07-16T18:45:33Z,84,0,84
UgwMMwjtUmkkM8bL21x4AaABAg,xl65ISqd0YE,https://www.youtube.com/watch?v=xl65ISqd0YE,Какой персонаж  следующий? 💗#bridgerton #бриджертоны #элоизабриджертон,@howlowhelloo,"вы без макияжа даже больше похожи на элоизу, чем с ним❤",2024-07-17T12:54:36Z,37,1,38
UgwWOH8X3bkFg57wDe54AaABAg,xl65ISqd0YE,https://www.youtube.com/watch?v=xl65ISqd0YE,Какой персонаж  следующий? 💗#bridgerton #бриджертоны #элоизабриджертон,@croco1956,"На слове ждем, я прям увидела Элоизу 
Вы без макияжа даже больше похожи",2024-08-21T15:10:10Z,17,0,17
UgywpazAH6xPSIzoc0p4AaABAg,xl65ISqd0YE,https://www.youtube.com/watch?v=xl65ISqd0YE,Какой персонаж  следующий? 💗#bridgerton #бриджертоны #элоизабриджертон,@ale_fonova,"Замечательный макияж, а сколько эмоций❤",2024-07-16T16:36:52Z,14,0,14
UgwaeXao0SxYSjPlSy94AaABAg,xl65ISqd0YE,https://www.youtube.com/watch?v=xl65ISqd0YE,Какой персонаж  следующий? 💗#bridgerton #бриджертоны #элоизабриджертон,@evgeniyabondaruk1610,Это прекрасно! Очень прошу следующей сделать Пенелопу🙏,2024-07-17T15:33:13Z,14,0,14
UgyDzTqtAomaqHq1zDl4AaABAg,xl65ISqd0YE,https://www.youtube.com/watch?v=xl65ISqd0YE,Какой персонаж  следующий? 💗#bridgerton #бриджертоны #элоизабриджертон,@DaryaKey,класс!! все хочу начать смотреть этот сериал,2024-07-17T13:47:19Z,12,2,14
Ugx9MBjWFx-A70g2Ebl4AaABAg,xl65ISqd0YE,https://www.youtube.com/watch?v=xl65ISqd0YE,Какой персонаж  следующий? 💗#bridgerton #бриджертоны #элоизабриджертон,@juliaolkhovaya6790,100% попадание в образ. Восторг ❤,2024-07-16T18:36:38Z,13,0,13
UgzcbjHxqZ01SSb3WKJ4AaABAg,xl65ISqd0YE,https://www.youtube.com/watch?v=xl65ISqd0YE,Какой персонаж  следующий? 💗#bridgerton #бриджертоны #элоизабриджертон,@Tydasuda953,"Ну какая вы талантливая!! Вы и режиссёр ролика, и визажист, и актриса, и сценарист, ну ваще, я восхищена!!!❤🎉🎉🎉",2024-07-27T03:31:29Z,9,0,9
Ugx9vBjCM39lOjPk3Q94AaABAg,xl65ISqd0YE,https://www.youtube.com/watch?v=xl65ISqd0YE,Какой персонаж  следующий? 💗#bridgerton #бриджертоны #элоизабриджертон,@СацукиАсами,Оооо  Элоиза просто потрясающий персонаж 😳💋,2024-07-16T18:06:54Z,5,0,5
UgyC0CqDDSHpVYYOJod4AaABAg,xl65ISqd0YE,https://www.youtube.com/watch?v=xl65ISqd0YE,Какой персонаж  следующий? 💗#bridgerton #бриджертоны #элоизабриджертон,@dianashuvaloff,Невероятно красивая 😊❤😍,2024-07-22T16:14:19Z,3,0,3
UgwBypsIop5RqaVowV14AaABAg,xl65ISqd0YE,https://www.youtube.com/watch?v=xl65ISqd0YE,Какой персонаж  следующий? 💗#bridgerton #бриджертоны #элоизабриджертон,@LuckyAppLL,Очень круто получилось❤ Роскошно,2024-07-16T16:40:10Z,3,0,3
Ugy0wsKWj52TAL5NhJV4AaABAg,xl65ISqd0YE,https://www.youtube.com/watch?v=xl65ISqd0YE,Какой персонаж  следующий? 💗#bridgerton #бриджертоны #элоизабриджертон,@blissblossom1,"Боже, почему так мало лайков? Вы прекрасна, обворожительна и талантлива!",2024-07-21T09:35:10Z,3,0,3
UgynuFPAQ3LNSAin1J54AaABAg,xl65ISqd0YE,https://www.youtube.com/watch?v=xl65ISqd0YE,Какой персонаж  следующий? 💗#bridgerton #бриджертоны #элоизабриджертон,@Raziyat_olsn,"В том кадре, где вы начали растушевать, действительно похоже на Элаизу😮❤",2024-07-27T20:08:21Z,2,0,2
UgzCiXP8zMJrGIhC4SB4AaABAg,xl65ISqd0YE,https://www.youtube.com/watch?v=xl65ISqd0YE,Какой персонаж  следующий? 💗#bridgerton #бриджертоны #элоизабриджертон,@ЦарьковаНаталия,Классс!!! Да хочется Пенелопу увидеть😊,2024-07-16T17:38:40Z,2,0,2
UgxpbmYn4oSFgX8LldN4AaABAg,xl65ISqd0YE,https://www.youtube.com/watch?v=xl65ISqd0YE,Какой персонаж  следующий? 💗#bridgerton #бриджертоны #элоизабриджертон,@Lina_la_Serge,"Мне кажется, Франческа Бриджертон из 3 сезона. Очень хорошо получится отразить сходство)",2024-07-24T11:59:22Z,1,0,1
Ugxgny-gZiQ7vz5Qbgl4AaABAg,xl65ISqd0YE,https://www.youtube.com/watch?v=xl65ISqd0YE,Какой персонаж  следующий? 💗#bridgerton #бриджертоны #элоизабриджертон,@Mom_and_Lev,Как прекрасно😍,2024-07-16T16:41:12Z,1,0,1
UgxGmRMX8wZ--yHjHc14AaABAg,xl65ISqd0YE,https://www.youtube.com/watch?v=xl65ISqd0YE,Какой персонаж  следующий? 💗#bridgerton #бриджертоны #элоизабриджертон,@evazhi366,Вау!! 😍🔥⚡✨,2024-07-16T17:00:49Z,1,0,1
UgwOXCJToVBSfS_eXMx4AaABAg,xl65ISqd0YE,https://www.youtube.com/watch?v=xl65ISqd0YE,Какой персонаж  следующий? 💗#bridgerton #бриджертоны #элоизабриджертон,@LuckyAppLL,🔥🔥🔥🔥🔥🔥🔥,2024-07-16T16:40:18Z,1,0,1
UgzkngMHA-g_EfQdt1h4AaABAg,xl65ISqd0YE,https://www.youtube.com/watch?v=xl65ISqd0YE,Какой персонаж  следующий? 💗#bridgerton #бриджертоны #элоизабриджертон,@GuliaSadykova-f8y,❤❤❤ Ищу с кем пообсуждать фильм,2024-07-16T16:19:24Z,0,1,1
Ugxuv37KHbUmGAK-Jrh4AaABAg,xl65ISqd0YE,https://www.youtube.com/watch?v=xl65ISqd0YE,Какой персонаж  следующий? 💗#bridgerton #бриджертоны #элоизабриджертон,@suhova_zmb,"Без макияжа Анастасия больше Элоиза, чем сама Элоиза",2024-10-04T16:45:49Z,0,1,1
UgxSMGB5tevWE1sM5e54AaABAg,xl65ISqd0YE,https://www.youtube.com/watch?v=xl65ISqd0YE,Какой персонаж  следующий? 💗#bridgerton #бриджертоны #элоизабриджертон,@Alinmoon,Скажите пожалуйста из какого фильма отрывок,2024-07-17T08:38:53Z,0,1,1
UgxxHf9HTseS0njTyAB4AaABAg,xl65ISqd0YE,https://www.youtube.com/watch?v=xl65ISqd0YE,Какой персонаж  следующий? 💗#bridgerton #бриджертоны #элоизабриджертон,@ARINA-xc1hp,Первая что только что,2024-07-16T15:31:08Z,1,0,1
Ugw7SF45Fg-JjnQQhDt4AaABAg,xl65ISqd0YE,https://www.youtube.com/watch?v=xl65ISqd0YE,Какой персонаж  следующий? 💗#bridgerton #бриджертоны #элоизабриджертон,@SunShine-ky9bn,Лучшее преображение❤️🫰🏻,2024-07-22T18:39:59Z,0,0,0
UgyV4gyWqfwnzcQQV5x4AaABAg,xl65ISqd0YE,https://www.youtube.com/watch?v=xl65ISqd0YE,Какой персонаж  следующий? 💗#bridgerton #бриджертоны #элоизабриджертон,@annadizha,очень красиво 🥹💔,2024-07-27T09:23:14Z,0,0,0
Ugy4HTVT5FWDrIoP-YZ4AaABAg,xl65ISqd0YE,https://www.youtube.com/watch?v=xl65ISqd0YE,Какой персонаж  следующий? 💗#bridgerton #бриджертоны #элоизабриджертон,@Валентина-з9р9ы,Шикарно!!!!,2024-08-17T16:01:48Z,0,0,0
UgyQpXKvvxaiaKoRWdZ4AaABAg,xl65ISqd0YE,https://www.youtube.com/watch?v=xl65ISqd0YE,Какой персонаж  следующий? 💗#bridgerton #бриджертоны #элоизабриджертон,@НаталияРоманова-у3д,Потрясающе!!!!❤,2024-08-11T09:28:35Z,0,0,0
UgxXHCEvZ6T3hkxeLzx4AaABAg,xl65ISqd0YE,https://www.youtube.com/watch?v=xl65ISqd0YE,Какой персонаж  следующий? 💗#bridgerton #бриджертоны #элоизабриджертон,@Olyshka.,Какая же вы шикарная женщина ❤,2024-07-16T20:37:02Z,0,0,0
UgzZJiIWzVN-jXrf6_94AaABAg,xl65ISqd0YE,https://www.youtube.com/watch?v=xl65ISqd0YE,Какой персонаж  следующий? 💗#bridgerton #бриджертоны #элоизабриджертон,@parry7808,Скорее бы и другие образы🙏,2024-07-22T11:23:18Z,0,0,0
UgyZ8nf1ELPRPY2MiHR4AaABAg,xl65ISqd0YE,https://www.youtube.com/watch?v=xl65ISqd0YE,Какой персонаж  следующий? 💗#bridgerton #бриджертоны #элоизабриджертон,@mikolopyum,Шедевр!❤,2024-07-19T06:59:55Z,0,0,0
UgxiUKICzuBgXpClydV4AaABAg,xl65ISqd0YE,https://www.youtube.com/watch?v=xl65ISqd0YE,Какой персонаж  следующий? 💗#bridgerton #бриджертоны #элоизабриджертон,@Ирина-ю7я6д,Клааассс!❤❤❤,2024-07-17T06:52:04Z,0,0,0
UgxUaX2QdYaXIPSshmB4AaABAg,xl65ISqd0YE,https://www.youtube.com/watch?v=xl65ISqd0YE,Какой персонаж  следующий? 💗#bridgerton #бриджертоны #элоизабриджертон,@nasty_gavrik,Класс ❤,2024-07-24T08:56:27Z,0,0,0
Ugxouzd7S-bjgB5kZ914AaABAg,xl65ISqd0YE,https://www.youtube.com/watch?v=xl65ISqd0YE,Какой персонаж  следующий? 💗#bridgerton #бриджертоны #элоизабриджертон,@КристинаСуворова-у8г,Вау!,2024-07-17T19:51:02Z,0,0,0
UgwCozEdTme_tzssicB4AaABAg,xl65ISqd0YE,https://www.youtube.com/watch?v=xl65ISqd0YE,Какой персонаж  следующий? 💗#bridgerton #бриджертоны #элоизабриджертон,@ЕНЗО,моя любимая звезда,2024-07-19T05:19:27Z,0,0,0
UgyS1YlzHxdcE01hA4p4AaABAg,xl65ISqd0YE,https://www.youtube.com/watch?v=xl65ISqd0YE,Какой персонаж  следующий? 💗#bridgerton #бриджертоны #элоизабриджертон,@GemmaA,ТОП!,2024-07-16T16:27:14Z,0,0,0
Ugz16OSkruf7-_gCN1N4AaABAg,xl65ISqd0YE,https://www.youtube.com/watch?v=xl65ISqd0YE,Какой персонаж  следующий? 💗#bridgerton #бриджертоны #элоизабриджертон,@Леса-л4и,ООООО БРИДЖЕРТОНЫЫЫ,2024-07-17T08:17:12Z,0,0,0
Ugzs83-1YS319pwmfSR4AaABAg,xl65ISqd0YE,https://www.youtube.com/watch?v=xl65ISqd0YE,Какой персонаж  следующий? 💗#bridgerton #бриджертоны #элоизабриджертон,@Alina-xo2mp,Элоиза - это просто любовь💔,2024-07-23T06:37:01Z,0,0,0
UgwOPRWdI3hFi6zrWht4AaABAg,xl65ISqd0YE,https://www.youtube.com/watch?v=xl65ISqd0YE,Какой персонаж  следующий? 💗#bridgerton #бриджертоны #элоизабриджертон,@asadulloevabasira9777,А Я вторая. По жизни 😢🤣🤣🤣🤣,2024-07-16T15:43:51Z,0,0,0
Ugyix4E68WtZ9Ycd_VN4AaABAg,xl65ISqd0YE,https://www.youtube.com/watch?v=xl65ISqd0YE,Какой персонаж  следующий? 💗#bridgerton #бриджертоны #элоизабриджертон,@VladiNadtochii,ПЕНЕЛОООПААААА ФЕЗЕРИНГТООООН,2024-08-09T15:13:55Z,0,0,0
UgzQ0KHpcmREZFv_Svt4AaABAg,xl65ISqd0YE,https://www.youtube.com/watch?v=xl65ISqd0YE,Какой персонаж  следующий? 💗#bridgerton #бриджертоны #элоизабриджертон,@Julli-l1t,❤❤❤❤❤😂😂😂😂😂,2024-07-23T17:27:36Z,0,0,0
UgytOZCqf1inrbsCqjp4AaABAg,xl65ISqd0YE,https://www.youtube.com/watch?v=xl65ISqd0YE,Какой персонаж  следующий? 💗#bridgerton #бриджертоны #элоизабриджертон,@ЛилияСуворова-г5ъ,Пенелопа ❤,2024-07-22T16:41:09Z,0,0,0
UgzTvxJRYnslR0vzcOJ4AaABAg,xl65ISqd0YE,https://www.youtube.com/watch?v=xl65ISqd0YE,Какой персонаж  следующий? 💗#bridgerton #бриджертоны #элоизабриджертон,@himhim6185,Пенелопу❤,2024-07-16T17:02:13Z,0,0,0
UgzygbueSGnGKGMuzcR4AaABAg,xl65ISqd0YE,https://www.youtube.com/watch?v=xl65ISqd0YE,Какой персонаж  следующий? 💗#bridgerton #бриджертоны #элоизабриджертон,@Eka_ska,Пенелопа!,2024-07-17T04:11:54Z,0,0,0
UgyQLbEWiRzR4auQA_R4AaABAg,xl65ISqd0YE,https://www.youtube.com/watch?v=xl65ISqd0YE,Какой персонаж  следующий? 💗#bridgerton #бриджертоны #элоизабриджертон,@АленаСмирнова-ф8м,Скажите пожалуйста откуда платье? просто обожаю этот  цвет ❤❤,2024-07-20T11:52:43Z,0,0,0
UgwYrO6l_oB4vuZZs-d4AaABAg,xl65ISqd0YE,https://www.youtube.com/watch?v=xl65ISqd0YE,Какой персонаж  следующий? 💗#bridgerton #бриджертоны #элоизабриджертон,@ЮлияИрис,Элоиза❤,2024-07-17T08:26:33Z,0,0,0
UgxoKiKLTaw5k-_1MY54AaABAg,xl65ISqd0YE,https://www.youtube.com/watch?v=xl65ISqd0YE,Какой персонаж  следующий? 💗#bridgerton #бриджертоны #элоизабриджертон,@Татьяна-м6х2ю,Вероника Лодж из сериала Ривердейл! Пожалуйста🙏🏼🙏🏼🙏🏼🙏🏼🙏🏼🪷🪷🪷🪷🪷🪷🪷🪷🪷🪷🪷🪷🪷🪷🪷🪷🪷🪷🪷🪷,2024-07-17T12:46:24Z,0,0,0
UgyWtPI5urqpUMf0y9Z4AaABAg,xl65ISqd0YE,https://www.youtube.com/watch?v=xl65ISqd0YE,Какой персонаж  следующий? 💗#bridgerton #бриджертоны #элоизабриджертон,@КасаевДавид-в2у,Я влюбился🤦🏻,2024-07-17T17:14:22Z,0,0,0
Ugwq_ulCLJp77Z1dD8N4AaABAg,xl65ISqd0YE,https://www.youtube.com/watch?v=xl65ISqd0YE,Какой персонаж  следующий? 💗#bridgerton #бриджертоны #элоизабриджертон,@Saliaesthetic,Давай Дафну теперь!!!,2024-08-14T18:14:44Z,0,0,0
UgzsFLTJYcJ2DOiTvgB4AaABAg,xl65ISqd0YE,https://www.youtube.com/watch?v=xl65ISqd0YE,Какой персонаж  следующий? 💗#bridgerton #бриджертоны #элоизабриджертон,@Bichen13,"А сама выйдет замуж за мужика, у которого жена бросилась в озеро из-за послеродовой депрессией, оставив двух детей одних на отца, которого по факту волнует лишь его теплица. Ха",2024-08-27T11:36:21Z,0,0,0
Ugxm-2j8t6rBQhhNFBR4AaABAg,xl65ISqd0YE,https://www.youtube.com/watch?v=xl65ISqd0YE,Какой персонаж  следующий? 💗#bridgerton #бриджертоны #элоизабриджертон,@MurMar-o3j,Как называется сериал ?,2024-08-24T18:37:21Z,0,0,0
UgxwFARTadzBpAFP9ah4AaABAg,xl65ISqd0YE,https://www.youtube.com/watch?v=xl65ISqd0YE,Какой персонаж  следующий? 💗#bridgerton #бриджертоны #элоизабриджертон,@блеблеблеббеле,Что за фильм?,2024-08-31T13:36:48Z,0,0,0
UgyR4Ei9R0QFFNmUV3l4AaABAg,WnUA8yE_CC8,https://www.youtube.com/watch?v=WnUA8yE_CC8,А с кем ты видишь Люка Ньютона? 😍 #любовь #отношения #бриджертоны #люкньютон #николакохлан,@pink_dreams9467,"Не нам решать кому с кем встречаться. Да мы как фанаты хотим чтобы химия с экрана перешла в реальность, но обычно часто бывает так что это просто роль. Если бы из каждого фильма или сериала у актёров были романы,то что это было бы😅. Рада просто наблюдать эту историю, как передали чувства. В книге много чего иного, и меня радует что сериал не копия.",2024-06-22T17:06:15Z,18,0,18
Ugz803jrd3xqy4QZpsB4AaABAg,WnUA8yE_CC8,https://www.youtube.com/watch?v=WnUA8yE_CC8,А с кем ты видишь Люка Ньютона? 😍 #любовь #отношения #бриджертоны #люкньютон #николакохлан,@Mor_zic,"Как бы нам не хотелось это осознавать, но в реальности мужчины выбирают молодых и стройных ))) зачем ему 37 летняя пампушка ( уточнение ,мне очень нравится Никола , она очень красивая и милая), когда есть молодые девчонки .ему всего 31 год ничего серьезного ему не надо, поразвлекаться с молодой самое оно 🤷🏼‍♀️",2024-06-28T09:17:28Z,6,2,8
UgzHBp3oC2ugrod3ryN4AaABAg,WnUA8yE_CC8,https://www.youtube.com/watch?v=WnUA8yE_CC8,А с кем ты видишь Люка Ньютона? 😍 #любовь #отношения #бриджертоны #люкньютон #николакохлан,@zmora_mara,"Господи, ему 31, а ей 23🤢",2024-06-27T18:12:29Z,3,1,4
UgzzrVC4DNBUn-ez1hp4AaABAg,WnUA8yE_CC8,https://www.youtube.com/watch?v=WnUA8yE_CC8,А с кем ты видишь Люка Ньютона? 😍 #любовь #отношения #бриджертоны #люкньютон #николакохлан,@ТатьянаНиконова-н4я,Я честно думала она старше а ей 23 года,2024-06-28T17:40:08Z,1,2,3
Ugx52QOqeoGTKnmHLsh4AaABAg,kJFQWEARoAQ,https://www.youtube.com/watch?v=kJFQWEARoAQ,Бриджертоны 4 сезон | официальный тизер [rus sub],@mad_amina,Как же еще долго ждать 😭,2025-02-14T19:19:47Z,21,0,21
Ugy8VKig7hUeLmq9i_54AaABAg,kJFQWEARoAQ,https://www.youtube.com/watch?v=kJFQWEARoAQ,Бриджертоны 4 сезон | официальный тизер [rus sub],@Сабина-ф8е,😍🤩🤩🤩🤩🤩🤩,2025-05-05T17:52:41Z,0,0,0
Ugy8cPnpaG3yuTMevnN4AaABAg,KKuCXC7qeW0,https://www.youtube.com/watch?v=KKuCXC7qeW0,"Бриджертоны (4 сезон) — Официальный тизер (субтитры, сериал, 2025)",@АнастасияМаленьких-ы6д,"Ждём, ждём, ждём! Тот самый момент когда сериал лучше книг!",2025-12-16T07:50:49Z,1,0,1
UgxY_d4xO5l7dnpN4Ix4AaABAg,KKuCXC7qeW0,https://www.youtube.com/watch?v=KKuCXC7qeW0,"Бриджертоны (4 сезон) — Официальный тизер (субтитры, сериал, 2025)",@Tintin21380,Азиаточки топ 🙂,2025-12-08T15:09:39Z,1,0,1
Ugx64CbXqwbPuf70wUN4AaABAg,KKuCXC7qeW0,https://www.youtube.com/watch?v=KKuCXC7qeW0,"Бриджертоны (4 сезон) — Официальный тизер (субтитры, сериал, 2025)",@tiya7298,Когда выйдет????,2025-11-02T20:20:31Z,0,1,1
Ugy_rxq9fAXRtAXl5b14AaABAg,zslsllo9d-s,https://www.youtube.com/watch?v=zslsllo9d-s,"Кейт Шарма и Энтони💔: мужская ревность в лице Энтони (Бриджертоны, прогулка у озера)",@_Aivarovna_,Мне нравится выражение матери😂которая всё понимает уже и не лезет в процесс❤,2025-03-02T03:06:59Z,22,0,22
UgwE6kr74TVzFpwYWUZ4AaABAg,zslsllo9d-s,https://www.youtube.com/watch?v=zslsllo9d-s,"Кейт Шарма и Энтони💔: мужская ревность в лице Энтони (Бриджертоны, прогулка у озера)",@op3882,Шикарный эпизод ❤,2024-08-04T09:16:24Z,10,1,11
UgwUafy1e8m2QGNXidh4AaABAg,zslsllo9d-s,https://www.youtube.com/watch?v=zslsllo9d-s,"Кейт Шарма и Энтони💔: мужская ревность в лице Энтони (Бриджертоны, прогулка у озера)",@Полина-с4р7ш,"Теперь верю что мужчина может любить , ревновать❤",2024-08-05T08:20:58Z,9,1,10
Ugx3QR9gNCK3UHqwL-x4AaABAg,zslsllo9d-s,https://www.youtube.com/watch?v=zslsllo9d-s,"Кейт Шарма и Энтони💔: мужская ревность в лице Энтони (Бриджертоны, прогулка у озера)",@ИванИванов-м5н1щ,"Это просто мистер Дарси ❤, ничуть не хуже",2025-04-11T03:35:50Z,10,0,10
UgwAIZhcnpVVTOduh2B4AaABAg,zslsllo9d-s,https://www.youtube.com/watch?v=zslsllo9d-s,"Кейт Шарма и Энтони💔: мужская ревность в лице Энтони (Бриджертоны, прогулка у озера)",@Полина-с4р7ш,"Ну наконец то нормальный мужчина,а то после Градского подумалось что все такие замороженные наруциссы😂❤",2024-08-05T08:19:40Z,3,3,6
Ugxo9q0c_JdKFhlUkL54AaABAg,zslsllo9d-s,https://www.youtube.com/watch?v=zslsllo9d-s,"Кейт Шарма и Энтони💔: мужская ревность в лице Энтони (Бриджертоны, прогулка у озера)",@Milachkaa1,Читайте расшифровку к видео в описании. В ней мы рассмотрим описание сцены у озера и как выглядит мужская ревность в лице Энтони Бриджертона.,2024-08-04T08:33:27Z,3,0,3
Ugz0RRWW5mRxp06iac94AaABAg,zslsllo9d-s,https://www.youtube.com/watch?v=zslsllo9d-s,"Кейт Шарма и Энтони💔: мужская ревность в лице Энтони (Бриджертоны, прогулка у озера)",@ИринаИ-э6л,Пародие на исторический фильм,2025-09-19T16:18:54Z,0,1,1
UgyPHZBVCRkZPS2Z1ih4AaABAg,nXBpJOsVpHI,https://www.youtube.com/watch?v=nXBpJOsVpHI,Колин «думаю о Пенелопе» Бриджертон 🔥 #bridgerton #colinbridgerton #polin #serial  #бриджертоны,@thisisnryseva,"Мне так нравится его мимика по отношению к Пен, восторг ❤️‍🔥",2024-06-07T20:56:42Z,19,8,27
UgxbK13AtSQZYXT0AF54AaABAg,nXBpJOsVpHI,https://www.youtube.com/watch?v=nXBpJOsVpHI,Колин «думаю о Пенелопе» Бриджертон 🔥 #bridgerton #colinbridgerton #polin #serial  #бриджертоны,@argons5118,Очень душевно :),2024-06-01T19:33:38Z,6,0,6
UgzjH2vid9AuFcGS5vZ4AaABAg,nXBpJOsVpHI,https://www.youtube.com/watch?v=nXBpJOsVpHI,Колин «думаю о Пенелопе» Бриджертон 🔥 #bridgerton #colinbridgerton #polin #serial  #бриджертоны,@FRANCISCOALVESDEOLIVEIRA-m4b,❤❤,2024-06-08T03:09:33Z,2,1,3
Ugx5R4w31ifLK9KM4B54AaABAg,nXBpJOsVpHI,https://www.youtube.com/watch?v=nXBpJOsVpHI,Колин «думаю о Пенелопе» Бриджертон 🔥 #bridgerton #colinbridgerton #polin #serial  #бриджертоны,@КсенияКизимова,❤❤❤❤❤😊😊😊,2024-06-02T17:37:40Z,2,0,2
UgwSY10AZOKc0S9Csux4AaABAg,81t7wJhSCec,https://www.youtube.com/watch?v=81t7wJhSCec,Стоит ли смотреть Бриджертонов? 🇬🇧 #бриджертоны #английский #английскийязык,@azaida357,"А фотка не леди Гаги, а Ларисы Долиной 😂😂😂",2024-06-28T11:43:31Z,3,0,3
UgzFWcODX3Cmfu1PywN4AaABAg,81t7wJhSCec,https://www.youtube.com/watch?v=81t7wJhSCec,Стоит ли смотреть Бриджертонов? 🇬🇧 #бриджертоны #английский #английскийязык,@КсенияКсенина-с5ш,"Не думаю, что к этому ""киношедевру"" стоит применять описание ""исторический""",2024-06-25T11:54:09Z,1,1,2
UgzqrcGE1DsIDoHcGgV4AaABAg,81t7wJhSCec,https://www.youtube.com/watch?v=81t7wJhSCec,Стоит ли смотреть Бриджертонов? 🇬🇧 #бриджертоны #английский #английскийязык,@dimax4790,Походу интернет молчит о нем)),2024-06-25T07:31:55Z,1,0,1
